PLAYER,YEAR,TEAM,G,AB,R,H,2B,3B,HR,RBI,BB,SO,SB,CS,AVG,OBP,SLG,OPS
1CarlosC PenaPena1B1‌‌‌,2007,TB,148,490,99,138,29,1,46,121,103,142,1,0,.282,.411,.627,1.038
2CarlosC PenaPena1B2‌‌‌,2009,TB,135,471,91,107,25,2,39,100,87,163,3,3,.227,.356,.537,.893
2BrandonB LoweLowe2B2‌‌‌,2021,TB,149,535,97,132,31,0,39,99,68,167,7,1,.247,.340,.523,.863
4LoganL MorrisonMorrison1B4‌‌‌,2017,TB,149,512,75,126,22,1,38,85,81,149,2,0,.246,.353,.516,.869
5EvanE LongoriaLongoria3B5‌‌‌,2016,TB,160,633,81,173,41,4,36,98,42,144,0,3,.273,.318,.521,.839
6AubreyA HuffHuffRF6‌‌‌,2003,TB,162,636,91,198,47,3,34,107,53,80,2,3,.311,.367,.555,.922
6JoseJ CansecoCansecoDH6‌‌‌,1999,TB,113,430,75,120,18,1,34,95,58,135,3,0,.279,.369,.563,.932
8MikeM ZuninoZuninoC8‌‌‌,2021,TB,109,333,64,72,11,2,33,62,34,132,0,0,.216,.301,.559,.860
8AustinA MeadowsMeadowsRF8‌‌‌,2019,TB,138,530,83,154,29,7,33,89,54,131,12,7,.291,.364,.558,.922
8EvanE LongoriaLongoria3B8‌‌‌,2009,TB,157,584,100,164,44,0,33,113,72,140,9,0,.281,.364,.526,.890
11EvanE LongoriaLongoria3B11‌‌‌,2013,TB,160,614,91,165,39,3,32,88,70,162,1,0,.269,.343,.498,.841
11FredF McGriffMcGriff1B11‌‌‌,1999,TB,144,529,75,164,30,1,32,104,86,107,1,0,.310,.405,.552,.957
13CarlosC PenaPena1B13‌‌‌,2008,TB,139,490,76,121,24,2,31,102,96,166,1,1,.247,.377,.494,.871
13EvanE LongoriaLongoria3B13‌‌‌,2011,TB,133,483,78,118,26,1,31,99,80,93,3,2,.244,.355,.495,.850
13IsaacI ParedesParedes3B13‌‌‌,2023,TB,143,492,71,123,24,0,31,98,58,104,1,0,.250,.352,.488,.840
16StevenS Souza Jr.SouzaRF16‌‌‌,2017,TB,148,523,78,125,21,2,30,78,84,179,16,4,.239,.351,.459,.810
16BradB MillerMillerSS16‌‌‌,2016,TB,152,548,73,133,29,6,30,81,47,149,6,4,.243,.304,.482,.786
16C.J.C CronCronDH16‌‌‌,2018,TB,140,501,68,127,28,1,30,74,37,145,1,2,.253,.323,.493,.816
19AubreyA HuffHuff3B19‌‌‌,2004,TB,157,600,92,178,27,2,29,104,56,74,5,1,.297,.360,.493,.853
20JorgeJ CantuCantu2B20‌‌‌,2005,TB,150,598,73,171,40,1,28,117,19,83,1,0,.286,.311,.497,.808
20CarlosC PenaPena1B20‌‌‌,2010,TB,144,484,64,95,18,0,28,84,87,158,5,1,.196,.325,.407,.732
20GregG VaughnVaughnLF20‌‌‌,2000,TB,127,461,83,117,27,1,28,74,80,128,8,1,.254,.365,.499,.864
20B.J.B UptonUptonCF20‌‌‌,2012,TB,146,573,79,141,29,3,28,78,45,169,31,6,.246,.298,.454,.752
24AustinA MeadowsMeadowsLF24‌‌‌,2021,TB,142,518,79,121,29,3,27,106,59,122,4,3,.234,.315,.458,.773
24FredF McGriffMcGriff1B24‌‌‌,2000,TB,158,566,82,157,18,0,27,106,91,120,2,0,.277,.373,.452,.825
24EvanE LongoriaLongoria3B24‌‌‌,2008,TB,122,448,67,122,31,2,27,85,46,122,7,0,.272,.343,.531,.874
24CoreyC DickersonDickersonLF24‌‌‌,2017,TB,150,588,84,166,33,4,27,62,35,152,4,3,.282,.325,.490,.815
24BenB ZobristZobrist2B24‌‌‌,2009,TB,152,501,91,149,28,7,27,91,91,104,17,6,.297,.405,.543,.948
29JoseJ SiriSiriCF29‌‌‌,2023,TB,101,338,58,75,13,2,25,56,20,130,12,3,.222,.267,.494,.761
30TyT WiggintonWigginton1B30‌‌‌,2006,TB,122,444,55,122,25,1,24,79,32,97,4,3,.275,.330,.498,.828
30GregG VaughnVaughnDH30‌‌‌,2001,TB,136,485,74,113,25,0,24,82,71,130,11,5,.233,.333,.433,.766
30B.J.B UptonUptonCF30‌‌‌,2007,TB,129,474,86,142,25,1,24,82,65,154,22,8,.300,.386,.508,.894
30CoreyC DickersonDickersonLF30‌‌‌,2016,TB,148,510,57,125,36,3,24,70,33,134,0,2,.245,.293,.469,.762
34B.J.B UptonUptonCF34‌‌‌,2011,TB,153,560,82,136,27,4,23,81,71,161,36,12,.243,.331,.429,.760
34RandyR ArozarenaArozarenaLF34‌‌‌,2023,TB,151,551,95,140,19,3,23,83,80,156,22,10,.254,.364,.425,.789
34TinoT MartinezMartinez1B34‌‌‌,2004,TB,138,458,63,120,20,1,23,76,66,72,3,1,.262,.362,.461,.823
34AubreyA HuffHuffDH34‌‌‌,2002,TB,113,454,67,142,25,0,23,59,37,55,4,1,.313,.364,.520,.884
38AubreyA HuffHuffRF38‌‌‌,2005,TB,154,575,70,150,26,2,22,92,49,88,8,7,.261,.321,.428,.749
38EvanE LongoriaLongoria3B38‌‌‌,2014,TB,162,624,83,158,26,1,22,91,57,133,5,0,.253,.320,.404,.724
38EvanE LongoriaLongoria3B38‌‌‌,2010,TB,151,574,96,169,46,5,22,104,72,124,15,5,.294,.372,.507,.879
38YandyY DíazDíaz1B38‌‌‌,2023,TB,137,525,95,173,35,0,22,78,65,94,0,1,.330,.410,.522,.932
42TommyT PhamPhamLF42‌‌‌,2019,TB,145,567,77,155,33,2,21,68,81,123,25,4,.273,.369,.450,.819
42EvanE LongoriaLongoria3B42‌‌‌,2015,TB,160,604,74,163,35,1,21,73,51,132,3,1,.270,.328,.435,.763
42JonnyJ GomesGomesDH42‌‌‌,2005,TB,101,348,61,98,13,6,21,54,39,113,9,5,.282,.372,.534,.906
42GeraldG WilliamsWilliamsCF42‌‌‌,2000,TB,146,632,87,173,30,2,21,89,34,103,12,12,.274,.312,.427,.739
42BrandonB LoweLowe2B42‌‌‌,2023,TB,109,377,58,87,15,1,21,68,50,119,7,0,.231,.328,.443,.771
42JoséJ Cruz Jr.CruzRF42‌‌‌,2004,TB,153,545,76,132,25,8,21,78,76,117,11,6,.242,.333,.433,.766
48JoshJ LoweLoweRF48‌‌‌,2023,TB,135,466,71,136,33,2,20,83,31,124,32,3,.292,.335,.500,.835
48AvisaílA GarcíaGarcíaRF48‌‌‌,2019,TB,125,489,61,138,25,2,20,72,31,125,10,4,.282,.332,.464,.796
48EricE HinskeHinskeRF48‌‌‌,2008,TB,133,381,59,94,21,1,20,60,47,88,10,3,.247,.333,.465,.798
48EvanE LongoriaLongoria3B48‌‌‌,2017,TB,156,613,71,160,36,2,20,86,46,109,6,1,.261,.313,.424,.737
48BenB ZobristZobrist2B48‌‌‌,2011,TB,156,588,99,158,46,6,20,91,77,128,19,6,.269,.353,.469,.822
48IsaacI ParedesParedes3B48‌‌‌,2022,TB,111,331,48,68,16,0,20,45,44,67,0,1,.205,.304,.435,.739
48JonnyJ GomesGomesDH48‌‌‌,2006,TB,117,385,53,83,21,1,20,59,61,116,1,5,.216,.325,.431,.756
48WillyW AdamesAdamesSS48‌‌‌,2019,TB,152,531,69,135,25,1,20,52,46,153,4,2,.254,.317,.418,.735
48LoganL ForsytheForsythe2B48‌‌‌,2016,TB,127,511,76,135,24,4,20,52,46,127,6,6,.264,.333,.444,.777
48RandyR ArozarenaArozarenaLF48‌‌‌,2021,TB,141,529,94,145,32,3,20,69,56,170,20,10,.274,.356,.459,.815
48BenB ZobristZobristRF48‌‌‌,2012,TB,157,560,88,151,39,7,20,74,97,103,14,9,.270,.377,.471,.848
48RandyR ArozarenaArozarenaLF48‌‌‌,2022,TB,153,586,72,154,41,3,20,89,46,156,32,12,.263,.327,.445,.772
60FredF McGriffMcGriff1B60‌‌‌,2001,TB,97,343,40,109,18,0,19,61,40,69,1,1,.318,.387,.536,.923
60FredF McGriffMcGriff1B60‌‌‌,1998,TB,151,564,73,160,33,0,19,81,79,118,7,2,.284,.371,.443,.814
60CarlosC PenaPena1B60‌‌‌,2012,TB,160,497,72,98,17,2,19,61,87,182,2,3,.197,.330,.354,.684
60TravisT LeeLee1B60‌‌‌,2003,TB,145,542,75,149,37,3,19,70,64,97,6,2,.275,.348,.459,.807
60CarlC CrawfordCrawfordLF60‌‌‌,2010,TB,154,600,110,184,30,13,19,90,46,104,47,10,.307,.356,.495,.851
60LukeL RaleyRaley1B60‌‌‌,2023,TB,118,357,56,89,23,3,19,49,28,128,14,3,.249,.333,.490,.823
60BenB GrieveGrieveRF60‌‌‌,2002,TB,136,482,62,121,30,0,19,64,69,121,8,2,.251,.353,.432,.785
60Ji ManJ ChoiChoi1B60‌‌‌,2019,TB,127,410,54,107,20,2,19,63,64,108,2,3,.261,.363,.459,.822
60MattM JoyceJoyceRF60‌‌‌,2011,TB,141,462,69,128,32,2,19,75,49,106,13,1,.277,.347,.478,.825
69JaredJ SandbergSandberg3B69‌‌‌,2002,TB,102,358,55,82,21,1,18,54,39,139,3,2,.229,.305,.444,.749
69B.J.B UptonUptonCF69‌‌‌,2010,TB,154,536,89,127,38,4,18,62,67,164,42,9,.237,.322,.424,.746
69MattM JoyceJoyceRF69‌‌‌,2013,TB,140,413,61,97,22,0,18,47,59,87,7,3,.235,.328,.419,.747
69CarlC CrawfordCrawfordLF69‌‌‌,2006,TB,151,600,89,183,20,16,18,77,37,85,58,9,.305,.348,.482,.830
73BrandonB LoweLowe2B73‌‌‌,2019,TB,82,296,42,80,17,2,17,51,25,113,5,0,.270,.336,.514,.850
73LoganL ForsytheForsythe2B73‌‌‌,2015,TB,153,540,69,152,33,2,17,68,55,111,9,4,.281,.359,.444,.803
73StevenS Souza Jr.SouzaRF73‌‌‌,2016,TB,120,430,58,106,17,1,17,49,31,159,7,6,.247,.303,.409,.712
73GregG NortonNortonDH73‌‌‌,2006,TB,98,294,47,87,15,0,17,45,35,69,1,5,.296,.374,.520,.894
73JonnyJ GomesGomesDH73‌‌‌,2007,TB,107,348,48,85,20,2,17,49,35,126,12,4,.244,.322,.460,.782
73EvanE LongoriaLongoria3B73‌‌‌,2012,TB,74,273,39,79,14,0,17,55,33,61,2,3,.289,.369,.527,.896
73PaulP SorrentoSorrentoDH73‌‌‌,1998,TB,137,435,40,98,27,0,17,57,54,133,2,3,.225,.313,.405,.718
73MattM JoyceJoyceRF73‌‌‌,2012,TB,124,399,55,96,18,3,17,59,55,102,4,3,.241,.341,.429,.770
73WanderW FrancoFrancoSS73‌‌‌,2023,TB,112,442,65,124,23,6,17,58,42,69,30,10,.281,.344,.475,.819
82StevenS Souza Jr.SouzaRF82‌‌‌,2015,TB,110,373,59,84,15,1,16,40,46,144,12,6,.225,.318,.399,.717
82JohnnyJ DamonDamonDH82‌‌‌,2011,TB,150,582,79,152,29,7,16,73,51,92,19,6,.261,.326,.418,.744
82KellyK JohnsonJohnsonLF82‌‌‌,2013,TB,118,366,41,86,12,2,16,52,35,99,7,4,.235,.305,.410,.715
82TravisT d'Arnaudd'ArnaudC82‌‌‌,2019,TB,92,327,50,86,16,0,16,67,30,80,0,1,.263,.323,.459,.782
82SteveS CoxCox1B82‌‌‌,2002,TB,148,560,65,142,30,1,16,72,60,116,5,0,.254,.330,.396,.726
82RoccoR BaldelliBaldelliCF82‌‌‌,2004,TB,136,518,79,145,27,3,16,74,30,88,17,4,.280,.326,.436,.762
82TyT WiggintonWigginton2B82‌‌‌,2007,TB,98,378,47,104,21,0,16,49,28,73,1,4,.275,.329,.458,.787
82RoccoR BaldelliBaldelliCF82‌‌‌,2006,TB,92,364,59,110,24,6,16,57,14,70,10,1,.302,.339,.533,.872
90DamonD HollinsHollinsRF90‌‌‌,2006,TB,121,333,37,76,20,0,15,33,19,64,3,3,.228,.269,.423,.692
90CarlC CrawfordCrawfordLF90‌‌‌,2005,TB,156,644,101,194,33,15,15,81,27,84,46,8,.301,.331,.469,.800
90JulioJ LugoLugoSS90‌‌‌,2003,TB,117,433,58,119,13,4,15,53,35,88,10,3,.275,.333,.427,.760
90CarlC CrawfordCrawfordLF90‌‌‌,2009,TB,156,606,96,185,28,8,15,68,51,99,60,16,.305,.364,.452,.816
90AsdrúbalA CabreraCabreraSS90‌‌‌,2015,TB,143,505,66,134,28,5,15,58,36,107,6,3,.265,.315,.430,.745
90KevinK KiermaierKiermaierCF90‌‌‌,2017,TB,98,380,56,105,15,3,15,39,31,99,16,7,.276,.338,.450,.788
96YandyY DíazDíaz3B96‌‌‌,2019,TB,79,307,53,82,20,1,14,38,35,61,2,2,.267,.340,.476,.816
96LukeL ScottScottDH96‌‌‌,2012,TB,96,314,35,72,22,1,14,55,21,80,5,0,.229,.285,.439,.724
96JasonJ BartlettBartlettSS96‌‌‌,2009,TB,137,500,90,160,29,7,14,66,54,89,30,7,.320,.389,.490,.879
96DesmondD JenningsJenningsCF96‌‌‌,2013,TB,139,527,82,133,31,6,14,54,64,115,20,8,.252,.334,.414,.748
96PatP BurrellBurrellDH96‌‌‌,2009,TB,122,412,45,91,16,1,14,64,57,119,2,0,.221,.315,.367,.682
96BrandonB LoweLowe2B96‌‌‌,2020,TB,56,193,36,52,9,2,14,37,25,58,3,0,.269,.362,.554,.916
96RandyR WinnWinnCF96‌‌‌,2002,TB,152,607,87,181,39,9,14,75,55,109,27,8,.298,.360,.461,.821
96JohnJ FlahertyFlahertyC96‌‌‌,1999,TB,117,446,53,124,19,0,14,71,19,64,0,2,.278,.310,.415,.725
96KevinK KiermaierKiermaierCF96‌‌‌,2019,TB,129,447,60,102,20,7,14,55,26,104,19,5,.228,.278,.398,.676
96BubbaB TrammellTrammellLF96‌‌‌,1999,TB,82,283,49,82,19,0,14,39,43,37,0,2,.290,.384,.505,.889
96JorgeJ CantuCantu2B96‌‌‌,2006,TB,107,413,40,103,18,2,14,62,26,91,1,1,.249,.295,.404,.699
96LoganL MorrisonMorrison1B96‌‌‌,2016,TB,107,353,45,84,18,1,14,43,37,89,4,2,.238,.319,.414,.733
96WilsonW RamosRamosC96‌‌‌,2018,TB,78,293,30,87,14,0,14,53,22,61,0,0,.297,.346,.488,.834
109DelmonD YoungYoungRF109‌‌‌,2007,TB,162,645,65,186,38,0,13,93,26,127,10,3,.288,.316,.408,.724
109DamonD HollinsHollinsCF109‌‌‌,2005,TB,120,342,44,85,17,1,13,46,23,63,8,1,.249,.296,.418,.714
109BrettB PhillipsPhillipsCF109‌‌‌,2021,TB,119,253,50,52,9,4,13,44,33,113,14,3,.206,.300,.427,.727
109JamesJ LoneyLoney1B109‌‌‌,2013,TB,158,549,54,164,33,0,13,75,44,77,3,1,.299,.348,.430,.778
109GabeG GrossGrossRF109‌‌‌,2008,TB,127,302,40,73,13,3,13,38,40,75,2,2,.242,.333,.434,.767
109NelsonN CruzCruzDH109‌‌‌,2021,TB,55,217,35,49,8,0,13,36,16,63,0,0,.226,.283,.442,.725
109LucasL DudaDuda1B109‌‌‌,2017,TB,52,171,20,30,7,0,13,27,23,62,0,0,.175,.285,.444,.729
109DesmondD JenningsJenningsLF109‌‌‌,2012,TB,132,505,85,124,19,7,13,47,46,120,31,2,.246,.314,.388,.702
109WilW MyersMyersRF109‌‌‌,2013,TB,88,335,50,98,23,0,13,53,33,91,5,2,.293,.354,.478,.832
109YandyY DíazDíaz1B109‌‌‌,2021,TB,134,465,62,119,20,1,13,64,69,85,1,1,.256,.353,.387,.740
119TravisT LeeLee1B119‌‌‌,2005,TB,129,404,54,110,22,2,12,49,35,66,7,4,.272,.331,.426,.757
119HaroldH RamírezRamírezDH119‌‌‌,2023,TB,122,400,58,125,19,2,12,68,22,79,5,3,.313,.353,.460,.813
119WillyW AybarAybar1B119‌‌‌,2009,TB,105,296,38,75,12,0,12,41,34,54,1,0,.253,.331,.416,.747
119BrendanB HarrisHarrisSS119‌‌‌,2007,TB,137,521,72,149,35,3,12,59,42,96,4,1,.286,.343,.434,.777
119TimT BeckhamBeckhamSS119‌‌‌,2017,TB,87,317,31,82,5,3,12,36,24,110,5,4,.259,.314,.407,.721
119BubbaB TrammellTrammellLF119‌‌‌,1998,TB,59,199,28,57,18,1,12,35,16,45,0,2,.286,.338,.568,.906
119KevinK KiermaierKiermaierCF119‌‌‌,2016,TB,105,366,55,90,20,2,12,37,40,74,21,3,.246,.331,.410,.741
119BenB ZobristZobrist2B119‌‌‌,2013,TB,157,612,77,168,36,3,12,71,72,91,11,3,.275,.354,.402,.756
119TobyT HallHallC119‌‌‌,2003,TB,130,463,50,117,23,0,12,47,23,40,0,1,.253,.295,.380,.675
119SteveS CoxCox1B119‌‌‌,2001,TB,108,342,37,88,22,0,12,51,24,75,2,2,.257,.323,.427,.750
119RussellR BranyanBranyanRF119‌‌‌,2006,TB,64,169,23,34,10,0,12,27,19,62,2,0,.201,.286,.473,.759
119JulioJ LugoLugoSS119‌‌‌,2006,TB,73,289,53,89,17,1,12,27,27,47,18,4,.308,.373,.498,.871
119SeanS RodríguezRodríguezX119‌‌‌,2014,TB,96,237,30,50,13,3,12,41,10,66,2,1,.211,.258,.443,.701
119BenB ZobristZobristSS119‌‌‌,2008,TB,62,198,32,50,10,2,12,30,25,37,3,0,.253,.339,.505,.844
133CliffC FloydFloydDH133‌‌‌,2008,TB,80,246,32,66,13,0,11,39,28,58,1,0,.268,.349,.455,.804
133BobbyB SmithSmith3B133‌‌‌,1998,TB,117,370,44,102,15,3,11,55,34,110,5,3,.276,.343,.422,.765
133JoeyJ WendleWendle3B133‌‌‌,2021,TB,136,460,73,122,31,4,11,54,28,113,8,6,.265,.319,.422,.741
133EduardoE PerezPerez1B133‌‌‌,2005,TB,77,161,23,41,6,0,11,28,26,30,0,2,.255,.368,.497,.865
133Ji ManJ ChoiChoi1B133‌‌‌,2021,TB,83,258,36,59,14,0,11,45,45,87,0,0,.229,.348,.411,.759
133TravisT LeeLee1B133‌‌‌,2006,TB,114,343,35,77,11,2,11,31,42,73,5,2,.224,.312,.364,.676
133JakeJ BauersBauers1B133‌‌‌,2018,TB,96,323,48,65,22,2,11,48,54,104,6,6,.201,.316,.384,.700
133PaulP SorrentoSorrentoLF133‌‌‌,1999,TB,99,294,40,69,14,1,11,42,49,101,1,1,.235,.351,.401,.752
133Ji ManJ ChoiChoi1B133‌‌‌,2022,TB,113,356,36,83,22,0,11,52,58,123,0,0,.233,.341,.388,.729
133KellyK ShoppachShoppachC133‌‌‌,2011,TB,87,221,23,39,3,0,11,22,19,79,0,0,.176,.268,.339,.607
133SteveS CoxCoxRF133‌‌‌,2000,TB,116,318,44,90,19,1,11,35,45,47,1,2,.283,.379,.453,.832
133B.J.B UptonUptonCF133‌‌‌,2009,TB,144,560,79,135,33,4,11,55,57,152,42,14,.241,.313,.373,.686
133BenB GrieveGrieveRF133‌‌‌,2001,TB,154,542,72,143,30,2,11,72,87,159,7,1,.264,.372,.387,.759
133CarlC CrawfordCrawfordLF133‌‌‌,2007,TB,143,584,93,184,37,9,11,80,32,112,50,10,.315,.355,.466,.821
133RoccoR BaldelliBaldelliCF133‌‌‌,2003,TB,156,637,89,184,32,8,11,78,30,128,27,10,.289,.326,.416,.742
133ChristianC BethancourtBethancourtC133‌‌‌,2023,TB,104,315,49,71,16,0,11,33,13,91,1,0,.225,.254,.381,.635
133CarlC CrawfordCrawfordLF133‌‌‌,2004,TB,152,626,104,185,26,19,11,55,35,81,59,15,.296,.331,.450,.781
133WilsonW RamosRamosC133‌‌‌,2017,TB,64,208,19,54,6,0,11,35,10,36,0,0,.260,.290,.447,.737
151SteveS PearcePearce1B151‌‌‌,2016,TB,60,204,26,63,11,1,10,29,26,40,0,3,.309,.388,.520,.908
151CurtC CasaliCasaliC151‌‌‌,2015,TB,38,101,13,24,6,0,10,18,8,34,0,0,.238,.304,.594,.898
151DesmondD JenningsJenningsCF151‌‌‌,2014,TB,123,479,64,117,30,2,10,36,47,108,15,6,.244,.319,.378,.697
151WillyW AdamesAdamesSS151‌‌‌,2018,TB,85,288,43,80,7,0,10,34,31,95,6,5,.278,.348,.406,.754
151MikeM KellyKellyRF151‌‌‌,1998,TB,106,279,39,67,11,2,10,33,22,80,13,6,.240,.295,.401,.696
151JoseJ GuillenGuillenRF151‌‌‌,2000,TB,105,316,40,80,16,5,10,41,18,65,3,1,.253,.320,.430,.750
151MattM JoyceJoyceRF151‌‌‌,2010,TB,77,216,30,52,15,3,10,40,40,55,2,2,.241,.360,.477,.837
151ManuelM MargotMargotRF151‌‌‌,2021,TB,125,421,55,107,18,3,10,57,37,70,13,8,.254,.313,.382,.695
151KevinK KiermaierKiermaierRF151‌‌‌,2014,TB,108,331,35,87,16,8,10,35,23,71,5,4,.263,.315,.450,.765
151BenB ZobristZobristRF151‌‌‌,2010,TB,151,541,77,129,28,2,10,75,92,107,24,3,.238,.346,.353,.699
151DesmondD JenningsJenningsLF151‌‌‌,2011,TB,63,247,44,64,9,4,10,25,31,59,20,6,.259,.356,.449,.805
151BenB ZobristZobrist2B151‌‌‌,2014,TB,146,570,83,155,34,3,10,52,75,84,10,5,.272,.354,.395,.749
151CaseyC KotchmanKotchman1B151‌‌‌,2011,TB,146,500,44,153,24,2,10,48,48,66,2,2,.306,.378,.422,.800
151ElijahE DukesDukesCF151‌‌‌,2007,TB,52,184,27,35,3,2,10,21,33,44,2,4,.190,.318,.391,.709
151JohnJ FlahertyFlahertyC151‌‌‌,2000,TB,109,394,36,103,15,0,10,39,20,57,0,0,.261,.296,.376,.672
151KevinK KiermaierKiermaierCF151‌‌‌,2015,TB,151,505,62,133,25,12,10,40,24,95,18,5,.263,.298,.420,.718
151WillyW AybarAybar3B151‌‌‌,2008,TB,95,324,33,82,17,2,10,33,32,44,2,2,.253,.327,.410,.737
151ChrisC GomezGomezSS151‌‌‌,2002,TB,130,461,51,122,31,3,10,46,21,58,1,3,.265,.305,.410,.715
169AlexA GonzalezGonzalez3B169‌‌‌,2005,TB,109,349,47,94,20,1,9,38,26,74,2,1,.269,.323,.410,.733
169B.J.B UptonUptonCF169‌‌‌,2008,TB,145,531,85,145,37,2,9,67,97,134,44,16,.273,.383,.401,.784
169MikeM ZuninoZuninoC169‌‌‌,2019,TB,90,266,30,44,10,1,9,32,20,98,0,0,.165,.232,.312,.544
169MattM JoyceJoyceLF169‌‌‌,2014,TB,140,418,51,106,23,2,9,52,62,111,2,5,.254,.349,.383,.732
169YunelY EscobarEscobarSS169‌‌‌,2013,TB,153,508,61,130,27,1,9,56,57,73,4,4,.256,.332,.366,.698
169DanielD RobertsonRobertson2B169‌‌‌,2018,TB,88,282,46,74,16,0,9,34,43,77,2,2,.262,.382,.415,.797
169BradB MillerMiller2B169‌‌‌,2017,TB,110,338,43,68,13,3,9,40,63,110,5,3,.201,.327,.337,.664
169CarlosC GómezGómezRF169‌‌‌,2018,TB,118,360,42,75,15,2,9,32,25,103,12,3,.208,.298,.336,.634
169TimT BeckhamBeckham2B169‌‌‌,2015,TB,82,203,24,45,7,4,9,37,13,69,3,1,.222,.274,.429,.703
169JoseJ CansecoCansecoDH169‌‌‌,2000,TB,61,218,31,56,15,0,9,30,41,65,2,0,.257,.383,.450,.833
169IsaacI ParedesParedes3B169‌‌‌,2024,TB,49,180,21,54,8,0,9,29,22,34,0,1,.300,.388,.494,.882
169ColbyC RasmusRasmusLF169‌‌‌,2017,TB,37,121,17,34,7,1,9,23,7,45,1,0,.281,.318,.579,.897
169LukeL ScottScottDH169‌‌‌,2013,TB,91,253,27,61,13,2,9,40,30,63,1,1,.241,.326,.415,.741
169JeffJ KeppingerKeppinger3B169‌‌‌,2012,TB,115,385,46,125,15,1,9,40,24,31,1,0,.325,.367,.439,.806
169YandyY DíazDíaz3B169‌‌‌,2022,TB,137,473,71,140,33,0,9,57,78,60,3,3,.296,.401,.423,.824
169SeanS RodríguezRodríguez2B169‌‌‌,2010,TB,118,343,53,86,19,2,9,40,21,97,13,3,.251,.308,.397,.705
169DionerD NavarroNavarroC169‌‌‌,2007,TB,119,388,46,88,19,2,9,44,33,67,3,1,.227,.286,.356,.642
169MikieM MahtookMahtookLF169‌‌‌,2015,TB,41,105,22,31,5,1,9,19,6,31,4,3,.295,.351,.619,.970
169DerekD NorrisNorrisC169‌‌‌,2017,TB,53,179,21,36,5,0,9,24,12,48,1,0,.201,.258,.380,.638
169JamesJ LoneyLoney1B169‌‌‌,2014,TB,155,600,59,174,27,0,9,69,41,80,4,0,.290,.336,.380,.716
189JoeyJ ButlerButlerDH189‌‌‌,2015,TB,88,257,30,71,12,0,8,30,16,82,5,2,.276,.326,.416,.742
189DionerD NavarroNavarroC189‌‌‌,2009,TB,115,376,38,82,15,0,8,32,18,51,5,2,.218,.261,.322,.583
189WillyW AdamesAdamesSS189‌‌‌,2020,TB,54,185,29,48,15,1,8,23,20,74,2,1,.259,.332,.481,.813
189ChrisC GomezGomezSS189‌‌‌,2001,TB,58,189,31,57,16,0,8,35,8,24,3,0,.302,.332,.513,.845
189AubreyA HuffHuff3B189‌‌‌,2001,TB,111,411,42,102,25,1,8,45,23,72,1,3,.248,.288,.372,.660
189SeanS RodríguezRodríguezSS189‌‌‌,2011,TB,131,373,45,83,20,3,8,36,38,87,11,7,.223,.323,.357,.680
189GregG VaughnVaughnDH189‌‌‌,2002,TB,69,251,28,41,10,2,8,29,41,82,3,2,.163,.286,.315,.601
189YoshiY TsutsugoTsutsugoDH189‌‌‌,2020,TB,51,157,27,31,5,1,8,24,26,50,0,0,.197,.314,.395,.709
189BrandonB GuyerGuyerLF189‌‌‌,2015,TB,128,332,51,88,21,2,8,28,25,61,10,4,.265,.359,.413,.772
189GabeG KaplerKaplerRF189‌‌‌,2009,TB,99,205,26,49,15,1,8,32,29,39,5,2,.239,.329,.439,.768
189CurtC CasaliCasaliC189‌‌‌,2016,TB,84,226,23,42,10,0,8,25,25,82,0,0,.186,.273,.336,.609
189AubreyA HuffHuff3B189‌‌‌,2006,TB,63,230,26,65,15,1,8,28,24,25,0,0,.283,.348,.461,.809
189RandyR ArozarenaArozarenaLF189‌‌‌,2024,TB,51,189,23,30,6,0,8,18,23,63,7,2,.159,.254,.317,.571
189GeoffG BlumBlum3B189‌‌‌,2004,TB,112,339,38,73,21,0,8,35,24,58,2,3,.215,.266,.348,.614
189Ji ManJ ChoiChoiDH189‌‌‌,2018,TB,49,160,21,43,12,1,8,27,24,41,2,0,.269,.370,.506,.876
189CarlC CrawfordCrawfordLF189‌‌‌,2008,TB,109,443,69,121,12,10,8,57,30,60,25,7,.273,.319,.400,.719
189JonnyJ GomesGomesDH189‌‌‌,2008,TB,77,154,23,28,5,1,8,21,15,46,8,1,.182,.282,.383,.665
189TaylorT WallsWalls3B189‌‌‌,2023,TB,99,303,50,61,12,2,8,36,44,92,22,1,.201,.305,.333,.638
189BrandonB LoweLowe2B189‌‌‌,2022,TB,65,235,31,52,10,2,8,25,27,61,1,0,.221,.308,.383,.691
189TaylorT WallsWallsSS189‌‌‌,2022,TB,142,407,53,70,18,2,8,33,52,120,10,3,.172,.268,.285,.553
189ReidR BrignacBrignac2B189‌‌‌,2010,TB,113,301,39,77,13,1,8,45,20,77,3,3,.256,.307,.385,.692
189TobyT HallHallC189‌‌‌,2006,TB,64,221,15,51,13,0,8,23,8,17,0,2,.231,.261,.398,.659
189HunterH RenfroeRenfroeRF189‌‌‌,2020,TB,42,122,18,19,5,0,8,22,14,37,2,0,.156,.252,.393,.645
189TobyT HallHallC189‌‌‌,2004,TB,119,404,35,103,21,0,8,60,24,41,0,2,.255,.300,.366,.666
189JoséJ MolinaMolinaC189‌‌‌,2012,TB,102,251,27,56,9,0,8,32,20,60,3,1,.223,.286,.355,.641
214NathanielN LoweLowe1B214‌‌‌,2019,TB,50,152,24,40,8,0,7,19,13,50,0,0,.263,.325,.454,.779
214DanD JohnsonJohnsonDH214‌‌‌,2010,TB,40,111,15,22,3,0,7,23,25,27,1,0,.198,.343,.414,.757
214RichR ButlerButlerLF214‌‌‌,1998,TB,72,217,25,49,3,3,7,20,15,37,4,2,.226,.278,.364,.642
214DamianD RollsRolls3B214‌‌‌,2003,TB,107,373,43,95,20,0,7,46,19,84,11,3,.255,.301,.365,.666
214DesmondD JenningsJenningsLF214‌‌‌,2016,TB,65,200,22,40,7,1,7,20,21,58,2,0,.200,.281,.350,.631
214YunelY EscobarEscobarSS214‌‌‌,2014,TB,137,476,33,123,18,0,7,39,43,60,1,1,.258,.324,.340,.664
214RandyR ArozarenaArozarenaLF214‌‌‌,2020,TB,23,64,15,18,2,0,7,11,6,22,4,0,.281,.382,.641,1.023
214QuintonQ McCrackenMcCrackenCF214‌‌‌,1998,TB,155,614,77,179,38,7,7,59,41,107,19,10,.292,.335,.410,.745
214WanderW FrancoFrancoSS214‌‌‌,2021,TB,70,281,53,81,18,5,7,39,24,37,2,1,.288,.347,.463,.810
214JoeyJ WendleWendle2B214‌‌‌,2018,TB,139,487,62,146,33,6,7,61,37,96,16,4,.300,.354,.435,.789
214JoseJ LobatónLobatónC214‌‌‌,2013,TB,100,277,38,69,15,2,7,32,30,65,0,1,.249,.320,.394,.714
214DionerD NavarroNavarroC214‌‌‌,2008,TB,120,427,43,126,27,0,7,54,34,49,0,4,.295,.349,.407,.756
214JulioJ LugoLugoSS214‌‌‌,2004,TB,157,581,83,160,41,4,7,75,54,106,21,5,.275,.338,.396,.734
214KevinK KiermaierKiermaierCF214‌‌‌,2022,TB,63,206,28,47,8,0,7,22,14,61,6,1,.228,.281,.369,.650
214TommyT PhamPhamLF214‌‌‌,2018,TB,39,143,35,49,7,6,7,22,25,43,5,1,.343,.448,.622,1.070
214AkinoriA IwamuraIwamura3B214‌‌‌,2007,TB,123,491,82,140,21,10,7,34,58,114,12,8,.285,.359,.411,.770
214JesúsJ SucreSucreC214‌‌‌,2017,TB,63,176,20,45,6,0,7,29,7,35,2,0,.256,.289,.409,.698
214BrandonB GuyerGuyerLF214‌‌‌,2016,TB,63,212,27,51,12,1,7,18,12,42,2,1,.241,.347,.406,.753
214KevinK KiermaierKiermaierCF214‌‌‌,2018,TB,88,332,44,72,12,9,7,29,25,91,10,5,.217,.282,.370,.652
214AdeinyA HechavarríaHechavarríaSS214‌‌‌,2017,TB,77,265,29,68,12,4,7,24,12,58,4,1,.257,.289,.411,.700
214ChristianC BethancourtBethancourtC214‌‌‌,2022,TB,45,149,16,38,6,0,7,15,2,39,1,0,.255,.265,.436,.701
214WadeW BoggsBoggs3B214‌‌‌,1998,TB,123,435,51,122,23,4,7,52,46,54,3,2,.280,.348,.400,.748
214BubbaB TrammellTrammellLF214‌‌‌,2000,TB,66,189,19,52,11,2,7,33,21,30,3,0,.275,.352,.466,.818
237VinnyV CastillaCastilla3B237‌‌‌,2000,TB,85,331,22,73,9,1,6,42,14,41,1,2,.221,.254,.308,.562
237MikeM BrosseauBrosseau2B237‌‌‌,2019,TB,51,132,17,36,7,0,6,16,7,39,1,0,.273,.319,.462,.781
237TobyT HallHallC237‌‌‌,2002,TB,85,330,37,85,19,1,6,42,17,27,0,1,.258,.293,.376,.669
237GabeG GrossGrossRF237‌‌‌,2009,TB,115,282,31,64,16,1,6,36,42,79,6,3,.227,.326,.355,.681
237JaredJ SandbergSandberg3B237‌‌‌,2003,TB,55,136,15,29,10,1,6,23,16,52,0,0,.213,.305,.434,.739
237RobertR FickFickDH237‌‌‌,2004,TB,76,214,12,43,5,2,6,26,20,32,0,0,.201,.273,.327,.600
237MikeM DiFeliceDiFeliceC237‌‌‌,1999,TB,51,179,21,55,11,0,6,27,8,23,0,0,.307,.346,.469,.815
237JohnnyJ FieldFieldRF237‌‌‌,2018,TB,63,169,20,36,9,0,6,14,7,58,4,0,.213,.253,.373,.626
237NickN FranklinFranklinLF237‌‌‌,2016,TB,60,174,18,47,10,1,6,26,12,42,6,1,.270,.328,.443,.771
237FranciscoF MejíaMejíaC237‌‌‌,2021,TB,84,250,31,65,15,3,6,35,17,49,0,0,.260,.322,.416,.738
237MarlonM AndersonAnderson2B237‌‌‌,2003,TB,145,482,59,130,27,3,6,67,41,60,19,3,.270,.328,.376,.704
237WillyW AybarAybarDH237‌‌‌,2010,TB,100,270,22,62,13,0,6,43,30,61,0,0,.230,.309,.344,.653
237SeanS RodríguezRodríguez3B237‌‌‌,2012,TB,112,301,36,64,14,1,6,32,27,75,5,0,.213,.281,.326,.607
237FranciscoF MejíaMejíaC237‌‌‌,2022,TB,93,289,32,70,22,0,6,31,7,65,0,0,.242,.264,.381,.645
237J.P.J ArencibiaArencibiaC237‌‌‌,2015,TB,24,71,9,22,3,0,6,17,1,22,0,0,.310,.315,.606,.921
237WilW MyersMyersRF237‌‌‌,2014,TB,87,325,37,72,14,0,6,35,34,90,6,1,.222,.294,.320,.614
237MikeM DiFeliceDiFeliceC237‌‌‌,2000,TB,60,204,23,49,13,1,6,19,12,40,0,0,.240,.280,.402,.682
237ElliotE JohnsonJohnsonSS237‌‌‌,2012,TB,123,297,32,72,10,2,6,33,24,84,18,6,.242,.304,.350,.654
237GradyG SizemoreSizemoreLF237‌‌‌,2015,TB,58,175,20,45,12,0,6,27,14,37,3,3,.257,.318,.429,.747
237JulioJ LugoLugoSS237‌‌‌,2005,TB,158,616,89,182,36,6,6,57,61,72,39,11,.295,.362,.403,.765
237KevinK StockerStockerSS237‌‌‌,1998,TB,112,336,37,70,11,3,6,25,27,80,5,3,.208,.282,.313,.595
237HaroldH RamírezRamírezDH237‌‌‌,2022,TB,120,403,46,121,24,0,6,58,19,72,3,5,.300,.343,.404,.747
237AkinoriA IwamuraIwamura2B237‌‌‌,2008,TB,152,627,91,172,30,9,6,48,70,131,8,6,.274,.349,.380,.729
237HerbertH PerryPerry3B237‌‌‌,1999,TB,66,209,29,53,10,1,6,32,16,42,0,0,.254,.331,.397,.728
237RandyR WinnWinnRF237‌‌‌,2001,TB,128,429,54,117,25,6,6,50,38,81,12,10,.273,.339,.401,.740
237WanderW FrancoFrancoSS237‌‌‌,2022,TB,83,314,46,87,20,3,6,33,26,33,8,0,.277,.328,.417,.745
237RaulR CasanovaCasanovaC237‌‌‌,2007,TB,29,79,12,20,1,1,6,11,7,17,0,0,.253,.315,.519,.834
237DavidD DeJesusDeJesusDH237‌‌‌,2014,TB,83,238,24,59,15,2,6,19,30,43,0,3,.248,.344,.403,.747
237LoganL ForsytheForsythe2B237‌‌‌,2014,TB,110,301,32,67,12,1,6,26,25,71,2,0,.223,.287,.329,.616
237ShawnS RiggansRiggansC237‌‌‌,2008,TB,44,135,21,30,7,0,6,24,12,30,0,0,.222,.287,.407,.694
237BrandonB LoweLowe2B237‌‌‌,2018,TB,43,129,16,30,6,2,6,25,16,38,2,1,.233,.324,.450,.774
237RyanR RobertsRoberts2B237‌‌‌,2012,TB,60,187,23,40,10,0,6,18,18,47,4,3,.214,.284,.364,.648
237BobbyB SmithSmith2B237‌‌‌,2000,TB,49,175,21,41,8,0,6,26,14,59,2,2,.234,.293,.383,.676
237DaveD MartinezMartinezRF237‌‌‌,1999,TB,143,514,79,146,25,5,6,66,60,76,13,6,.284,.361,.387,.748
237RenéR PintoPintoC237‌‌‌,2023,TB,39,103,10,26,3,0,6,16,2,34,0,0,.252,.267,.456,.723
272DanielD RobertsonRobertson2B272‌‌‌,2017,TB,75,218,22,45,7,2,5,19,29,73,1,1,.206,.308,.326,.634
272TimT BeckhamBeckhamSS272‌‌‌,2016,TB,64,198,25,49,12,5,5,16,14,67,2,1,.247,.300,.434,.734
272RoccoR BaldelliBaldelliCF272‌‌‌,2007,TB,35,137,16,28,6,0,5,12,9,35,4,1,.204,.268,.358,.626
272JoshJ PhelpsPhelpsDH272‌‌‌,2005,TB,47,158,21,42,10,0,5,26,12,48,0,0,.266,.328,.424,.752
272CarlC CrawfordCrawfordLF272‌‌‌,2003,TB,151,630,80,177,18,9,5,54,26,102,55,10,.281,.309,.362,.671
272MikeM BrosseauBrosseau1B272‌‌‌,2020,TB,37,86,12,26,5,1,5,12,8,31,2,0,.302,.378,.558,.936
272MiguelM CairoCairo2B272‌‌‌,1998,TB,150,515,49,138,26,5,5,46,24,44,19,8,.268,.307,.367,.674
272RenéR RiveraRiveraC272‌‌‌,2015,TB,110,298,16,53,14,0,5,26,11,86,0,0,.178,.213,.275,.488
272JohnJ JasoJasoDH272‌‌‌,2015,TB,70,185,23,53,17,0,5,22,28,39,1,2,.286,.380,.459,.839
272KellyK ShoppachShoppachC272‌‌‌,2010,TB,63,158,17,31,8,0,5,17,20,71,0,0,.196,.308,.342,.650
272RyanR RobertsRoberts2B272‌‌‌,2013,TB,60,162,15,40,6,0,5,17,11,39,0,2,.247,.295,.377,.672
272JohnJ JasoJasoC272‌‌‌,2010,TB,109,339,57,89,18,3,5,44,59,39,4,0,.263,.372,.378,.750
272JohnJ JasoJasoC272‌‌‌,2011,TB,89,246,26,55,15,1,5,27,25,36,1,2,.224,.298,.354,.652
272PeterP BourjosBourjosLF272‌‌‌,2017,TB,100,188,27,42,9,3,5,15,12,53,5,4,.223,.272,.383,.655
272MikeM ZuninoZuninoC272‌‌‌,2022,TB,36,115,7,17,3,0,5,16,6,46,0,0,.148,.195,.304,.499
272WillyW AdamesAdamesSS272‌‌‌,2021,TB,41,132,16,26,6,1,5,15,10,51,1,2,.197,.254,.371,.625
272FranciscoF MejíaMejíaC272‌‌‌,2023,TB,50,150,22,34,11,0,5,19,6,38,0,1,.227,.258,.400,.658
272GuillermoG HerediaHerediaCF272‌‌‌,2019,TB,89,204,31,46,13,0,5,20,18,60,2,2,.225,.306,.363,.669
272TobyT HallHallC272‌‌‌,2005,TB,135,432,28,124,20,0,5,48,16,39,0,0,.287,.315,.368,.683
272BradB MillerMiller1B272‌‌‌,2018,TB,48,156,16,40,10,1,5,21,16,51,0,0,.256,.322,.429,.751
272BrentB AbernathyAbernathy2B272‌‌‌,2001,TB,79,304,43,82,17,1,5,34,27,35,8,3,.270,.328,.382,.710
272DavidD DeJesusDeJesusLF272‌‌‌,2015,TB,82,232,24,60,8,2,5,26,19,39,3,2,.259,.323,.375,.698
272MikeM BrosseauBrosseau2B272‌‌‌,2021,TB,57,150,21,28,9,0,5,18,15,53,2,0,.187,.266,.347,.613
272SeanS RodríguezRodríguezLF272‌‌‌,2013,TB,96,195,21,48,10,1,5,23,17,59,1,3,.246,.320,.385,.705
272NickN GreenGreen2B272‌‌‌,2005,TB,111,318,53,76,15,2,5,29,33,86,3,1,.239,.329,.346,.675
272BrettB PhillipsPhillipsCF272‌‌‌,2022,TB,75,184,21,27,4,0,5,14,16,85,7,0,.147,.225,.250,.475
272RyanR HaniganHaniganC272‌‌‌,2014,TB,84,225,18,49,9,0,5,34,31,39,1,0,.218,.318,.324,.642
299YandyY DíazDíaz1B299‌‌‌,2024,TB,52,206,22,52,10,0,4,25,18,31,0,0,.252,.317,.359,.676
299BenB GrieveGrieveDH299‌‌‌,2003,TB,55,165,28,38,7,0,4,17,32,41,0,0,.230,.371,.345,.716
299GreggG ZaunZaunC299‌‌‌,2009,TB,34,94,11,27,7,0,4,14,4,18,0,2,.287,.323,.489,.812
299JoeyJ WendleWendle3B299‌‌‌,2020,TB,50,168,24,48,9,2,4,17,10,35,8,2,.286,.342,.435,.777
299ElliotE JohnsonJohnsonSS299‌‌‌,2011,TB,70,160,20,31,7,2,4,17,14,53,6,7,.194,.257,.338,.595
299RussR JohnsonJohnson3B299‌‌‌,2001,TB,85,248,32,73,19,2,4,33,34,57,2,2,.294,.380,.435,.815
299AubreyA HuffHuff3B299‌‌‌,2000,TB,39,122,12,35,7,0,4,14,5,18,0,0,.287,.318,.443,.761
299JesúsJ AguilarAguilar1B299‌‌‌,2019,TB,37,92,13,24,3,0,4,16,12,22,0,0,.261,.336,.424,.760
299RichieR ShafferShafferX299‌‌‌,2015,TB,31,74,11,14,3,0,4,6,10,32,0,1,.189,.307,.392,.699
299MikeM ZuninoZuninoC299‌‌‌,2020,TB,28,75,8,11,4,0,4,10,6,37,0,0,.147,.238,.360,.598
299NathanielN LoweLowe1B299‌‌‌,2020,TB,21,67,10,15,2,0,4,11,9,28,1,0,.224,.316,.433,.749
299GregG NortonNortonDH299‌‌‌,2007,TB,75,202,25,49,9,0,4,23,37,55,1,1,.243,.358,.347,.705
299RichieR PalaciosPalaciosRF299‌‌‌,2024,TB,44,132,22,35,3,0,4,11,19,39,7,0,.265,.364,.379,.743
299JoseJ SiriSiriCF299‌‌‌,2022,TB,56,166,35,40,9,0,4,14,11,60,8,1,.241,.292,.367,.659
299TobyT HallHallC299‌‌‌,2001,TB,49,188,28,56,16,0,4,30,4,16,2,2,.298,.321,.447,.768
299JordanJ LuplowLuplow1B299‌‌‌,2021,TB,26,65,11,16,3,0,4,8,7,26,1,0,.246,.319,.477,.796
299JohnJ FlahertyFlahertyC299‌‌‌,2001,TB,78,248,20,59,17,1,4,29,10,33,1,0,.238,.269,.363,.632
299JohnJ FlahertyFlahertyC299‌‌‌,2002,TB,76,281,27,73,20,0,4,33,15,50,2,2,.260,.296,.374,.670
299ManuelM MargotMargotRF299‌‌‌,2022,TB,89,336,36,92,18,2,4,47,24,68,7,3,.274,.325,.375,.700
299MattM DuffyDuffy3B299‌‌‌,2018,TB,132,503,59,148,22,1,4,44,47,93,12,6,.294,.361,.366,.727
299GeraldG WilliamsWilliamsCF299‌‌‌,2001,TB,62,232,30,48,17,0,4,17,13,42,10,4,.207,.261,.332,.593
299ManuelM MargotMargotCF299‌‌‌,2023,TB,99,311,39,82,21,1,4,38,18,55,9,3,.264,.310,.376,.686
299AustinA MeadowsMeadowsLF299‌‌‌,2020,TB,36,132,19,27,8,1,4,13,17,50,2,1,.205,.296,.371,.667
299OzzieO TimmonsTimmonsRF299‌‌‌,2000,TB,12,41,9,14,3,0,4,13,1,7,0,0,.341,.357,.707,1.064
299KevinK KiermaierKiermaierCF299‌‌‌,2021,TB,122,348,54,90,19,7,4,37,33,99,9,5,.259,.328,.388,.716
299JasonJ BartlettBartlettSS299‌‌‌,2010,TB,135,468,71,119,27,3,4,47,45,83,11,6,.254,.324,.350,.674
299RoccoR BaldelliBaldelliDH299‌‌‌,2008,TB,28,80,12,21,5,0,4,13,7,25,0,0,.263,.344,.475,.819
299AndyA SheetsSheets2B299‌‌‌,2002,TB,41,149,18,37,4,0,4,22,12,41,2,3,.248,.301,.356,.657
299BobbyB WilsonWilsonC299‌‌‌,2016,TB,28,87,14,20,2,0,4,9,5,28,0,0,.230,.272,.391,.663
299DenardD SpanSpanLF299‌‌‌,2018,TB,43,143,27,34,7,1,4,28,28,24,6,2,.238,.364,.385,.749
299B.J.B UptonUptonSS299‌‌‌,2004,TB,45,159,19,41,8,2,4,12,15,46,4,1,.258,.324,.409,.733
299JamesJ LoneyLoney1B299‌‌‌,2015,TB,104,361,25,101,16,0,4,32,23,34,2,4,.280,.322,.357,.679
299JustinJ RuggianoRuggianoLF299‌‌‌,2011,TB,46,105,11,26,4,0,4,13,4,26,1,1,.248,.273,.400,.673
299DionerD NavarroNavarroC299‌‌‌,2006,TB,56,193,23,47,7,0,4,20,20,33,1,1,.244,.316,.342,.658
333DannyD ClyburnClyburnLF333‌‌‌,1999,TB,28,81,8,16,4,0,3,5,7,21,0,0,.198,.270,.358,.628
333MattM JoyceJoyceRF333‌‌‌,2009,TB,11,32,3,6,1,0,3,7,3,7,1,0,.188,.270,.500,.770
333YuY ChangChang2B333‌‌‌,2022,TB,36,96,11,25,3,0,3,12,7,27,0,0,.260,.305,.385,.690
333NickN FranklinFranklin2B333‌‌‌,2015,TB,44,101,11,16,4,1,3,7,7,37,1,0,.158,.213,.307,.520
333HankH CongerCongerC333‌‌‌,2016,TB,49,124,6,24,5,0,3,10,12,40,0,0,.194,.265,.306,.571
333LukeL MaileMaileC333‌‌‌,2016,TB,42,119,10,27,7,0,3,15,4,36,0,0,.227,.252,.361,.613
333FernandoF PerezPerezCF333‌‌‌,2008,TB,23,60,18,15,2,0,3,8,8,16,5,0,.250,.348,.433,.781
333Ji ManJ ChoiChoi1B333‌‌‌,2020,TB,42,122,16,28,13,0,3,16,20,36,0,0,.230,.331,.410,.741
333DaveD MartinezMartinezRF333‌‌‌,1998,TB,90,309,31,79,11,0,3,20,35,52,8,7,.256,.334,.320,.654
333SamS FuldFuldLF333‌‌‌,2011,TB,105,308,41,74,18,5,3,27,32,49,20,8,.240,.313,.360,.673
333JohnJ FlahertyFlahertyC333‌‌‌,1998,TB,91,304,21,63,11,0,3,24,22,46,0,5,.207,.261,.273,.534
333JavierJ ValentinValentinC333‌‌‌,2003,TB,49,135,13,30,7,1,3,15,5,31,0,0,.222,.254,.356,.610
333MikieM MahtookMahtookLF333‌‌‌,2016,TB,65,185,16,36,9,0,3,11,7,68,0,1,.195,.231,.292,.523
333DelmonD YoungYoungRF333‌‌‌,2006,TB,30,126,16,40,9,1,3,10,1,24,2,2,.317,.336,.476,.812
333DelmonD YoungYoungDH333‌‌‌,2013,TB,23,62,8,16,3,0,3,7,6,9,0,0,.258,.329,.452,.781
333VidalV BrujánBruján2B333‌‌‌,2022,TB,52,147,13,24,5,0,3,16,12,37,5,5,.163,.228,.259,.487
333JasonJ ContiContiCF333‌‌‌,2002,TB,78,222,26,57,15,2,3,21,18,55,4,2,.257,.315,.383,.698
333AdeinyA HechavarríaHechavarríaSS333‌‌‌,2018,TB,61,217,29,56,7,0,3,26,12,37,1,0,.258,.289,.332,.621
333BrandonB GuyerGuyerLF333‌‌‌,2014,TB,97,259,37,69,15,1,3,26,16,52,6,1,.266,.334,.367,.701
333JoseJ GuillenGuillenRF333‌‌‌,2001,TB,41,135,14,37,5,0,3,11,6,26,2,3,.274,.317,.378,.695
333ReyR OrdonezOrdonezSS333‌‌‌,2003,TB,34,117,14,37,11,0,3,22,2,12,0,2,.316,.328,.487,.815
333MiguelM CairoCairo2B333‌‌‌,1999,TB,120,465,61,137,15,5,3,36,24,46,22,7,.295,.335,.368,.703
333JoeyJ WendleWendle2B333‌‌‌,2019,TB,75,238,32,55,13,2,3,19,14,47,8,3,.231,.293,.340,.633
333BobbyB SmithSmith3B333‌‌‌,1999,TB,68,199,18,36,4,1,3,19,16,64,4,4,.181,.244,.256,.500
333EricE SogardSogard2B333‌‌‌,2019,TB,37,109,14,29,6,0,3,10,9,16,2,0,.266,.328,.404,.732
333AlA MartinMartinDH333‌‌‌,2003,TB,100,238,19,60,12,2,3,26,17,51,2,2,.252,.306,.357,.663
333MikeM DiFeliceDiFeliceC333‌‌‌,1998,TB,84,248,17,57,12,3,3,23,15,56,0,0,.230,.274,.339,.613
333KevinK KiermaierKiermaierCF333‌‌‌,2020,TB,49,138,16,30,5,3,3,22,20,42,8,1,.217,.321,.362,.683
333JoseJ SiriSiriCF333‌‌‌,2024,TB,42,122,16,20,4,0,3,13,11,54,6,4,.164,.257,.270,.527
362FredF McGriffMcGriffDH362‌‌‌,2004,TB,27,72,7,13,3,0,2,7,9,19,0,0,.181,.272,.306,.578
362FelixF MartinezMartinezSS362‌‌‌,2000,TB,106,299,42,64,11,4,2,17,32,68,9,3,.214,.305,.298,.603
362ReyR SanchezSanchez2B362‌‌‌,2004,TB,91,285,23,70,14,3,2,26,12,28,0,1,.246,.281,.337,.618
362BrentB AbernathyAbernathy2B362‌‌‌,2002,TB,117,463,46,112,18,4,2,40,25,46,10,4,.242,.288,.311,.599
362RussR JohnsonJohnson3B362‌‌‌,2000,TB,74,185,28,47,8,0,2,17,25,30,4,1,.254,.344,.330,.674
362JakeJ ElmoreElmore1B362‌‌‌,2015,TB,51,141,10,29,5,0,2,16,12,25,1,1,.206,.263,.284,.547
362JoshJ LoweLoweRF362‌‌‌,2024,TB,14,50,5,12,4,0,2,3,4,15,0,0,.240,.296,.440,.736
362ShelleyS DuncanDuncanDH362‌‌‌,2013,TB,20,55,6,10,1,0,2,6,9,14,0,0,.182,.297,.309,.606
362SamS FuldFuldLF362‌‌‌,2013,TB,119,176,25,35,0,3,2,17,17,28,8,2,.199,.270,.267,.537
362KevinK CashCashC362‌‌‌,2005,TB,13,31,4,5,1,0,2,2,1,13,0,0,.161,.212,.387,.599
362JoshJ LoweLoweRF362‌‌‌,2022,TB,52,181,24,40,12,2,2,13,15,66,3,0,.221,.284,.343,.627
362JonathanJ ArandaArandaDH362‌‌‌,2023,TB,34,87,13,20,4,1,2,13,13,31,0,0,.230,.340,.368,.708
362AlexA SanchezSanchezCF362‌‌‌,2005,TB,43,133,28,46,8,1,2,13,7,25,6,3,.346,.373,.466,.839
362JoséJ MartínezMartínezDH362‌‌‌,2020,TB,24,67,10,16,4,0,2,10,9,20,0,0,.239,.329,.388,.717
362RandyR WinnWinnCF362‌‌‌,1999,TB,79,303,44,81,16,4,2,24,17,63,9,9,.267,.307,.366,.673
362RickieR Weeks Jr.WeeksDH362‌‌‌,2017,TB,37,97,13,21,6,0,2,8,12,49,1,0,.216,.321,.340,.661
362BrandonB GuyerGuyerRF362‌‌‌,2011,TB,15,41,7,8,1,0,2,3,1,9,0,0,.195,.214,.366,.580
362RobR RefsnyderRefsnyderLF362‌‌‌,2018,TB,40,84,10,14,3,0,2,5,18,26,0,2,.167,.314,.274,.588
362BenB ZobristZobristSS362‌‌‌,2006,TB,52,183,10,41,6,2,2,18,10,26,2,3,.224,.260,.311,.571
362BenB FranciscoFranciscoRF362‌‌‌,2012,TB,24,57,4,13,5,0,2,8,4,16,0,0,.228,.270,.421,.691
362DanD JohnsonJohnson1B362‌‌‌,2011,TB,31,84,7,10,1,0,2,4,6,18,0,0,.119,.187,.202,.389
362GabeG KaplerKaplerRF362‌‌‌,2010,TB,59,124,19,26,4,0,2,14,11,24,1,1,.210,.288,.290,.578
362HidekiH MatsuiMatsuiX362‌‌‌,2012,TB,34,95,7,14,1,0,2,7,8,22,0,0,.147,.214,.221,.435
362DanielD RobertsonRobertson3B362‌‌‌,2019,TB,74,207,23,44,9,1,2,19,24,59,2,2,.213,.312,.295,.607
362KevinK StockerStockerSS362‌‌‌,2000,TB,40,114,20,30,7,1,2,8,19,27,1,2,.263,.378,.395,.773
362JustinJ RuggianoRuggianoLF362‌‌‌,2008,TB,45,76,9,15,4,0,2,7,4,27,2,0,.197,.247,.329,.576
362DanD JohnsonJohnson1B362‌‌‌,2008,TB,10,25,3,5,0,0,2,4,3,7,0,0,.200,.286,.440,.726
362JoseJ LobatónLobatónC362‌‌‌,2012,TB,69,167,16,37,10,0,2,20,24,46,0,1,.222,.323,.317,.640
362TomasT PerezPerez3B362‌‌‌,2006,TB,99,241,31,51,12,0,2,16,5,44,1,0,.212,.224,.286,.510
362MallexM SmithSmithCF362‌‌‌,2017,TB,81,256,33,69,8,4,2,12,23,62,16,5,.270,.329,.355,.684
362MallexM SmithSmithCF362‌‌‌,2018,TB,141,480,65,142,27,10,2,40,47,98,40,12,.296,.367,.406,.773
362RenéR PintoPintoC362‌‌‌,2024,TB,19,42,5,9,3,0,2,6,4,18,0,0,.214,.292,.429,.721
362JoséJ CaballeroCaballeroSS362‌‌‌,2024,TB,46,160,22,41,8,1,2,16,10,48,19,8,.256,.314,.356,.670
362JoséJ MolinaMolinaC362‌‌‌,2013,TB,99,283,26,66,14,0,2,18,22,63,2,1,.233,.290,.304,.594
362JorgeJ VelandiaVelandia2B362‌‌‌,2007,TB,14,50,7,16,4,0,2,11,8,17,0,0,.320,.424,.520,.944
362TaylorT MotterMotterSS362‌‌‌,2016,TB,34,80,11,15,3,0,2,9,11,19,0,1,.188,.290,.300,.590
362TaylorT FeatherstonFeatherston2B362‌‌‌,2017,TB,17,39,6,7,1,0,2,6,5,15,1,0,.179,.277,.359,.636
362KevinK WittWittDH362‌‌‌,2006,TB,19,61,5,9,2,0,2,5,0,21,0,0,.148,.148,.279,.427
362VinnyV CastillaCastilla3B362‌‌‌,2001,TB,24,93,7,20,6,0,2,9,3,22,0,0,.215,.247,.344,.591
362YandyY DíazDíaz3B362‌‌‌,2020,TB,34,114,16,35,3,0,2,11,23,17,0,0,.307,.428,.386,.814
362ChristianC ArroyoArroyo3B362‌‌‌,2019,TB,16,50,8,11,2,0,2,7,5,18,0,0,.220,.304,.380,.684
362TerryT ShumpertShumpertX362‌‌‌,2003,TB,59,84,14,16,5,2,2,7,10,17,1,0,.190,.289,.369,.658
362AmedA RosarioRosarioRF362‌‌‌,2024,TB,41,158,12,45,6,3,2,20,3,27,5,3,.285,.298,.399,.697
362FelipeF LopezLopez3B362‌‌‌,2011,TB,32,97,8,21,4,0,2,8,4,28,1,1,.216,.248,.320,.568
362JonnyJ DeLucaDeLucaCF362‌‌‌,2024,TB,20,57,6,14,3,1,2,14,8,11,4,1,.246,.358,.439,.797
362TonyT GraffaninoGraffanino2B362‌‌‌,1999,TB,39,130,20,41,9,4,2,19,9,22,3,2,.315,.364,.492,.856
362JorgeJ CantuCantu2B362‌‌‌,2004,TB,50,173,25,52,20,1,2,17,9,44,0,0,.301,.341,.462,.803
362JonathanJ ArandaAranda1B362‌‌‌,2022,TB,32,78,10,15,4,0,2,6,8,23,0,0,.192,.276,.321,.597
362TerrellT LoweryLoweryCF362‌‌‌,1999,TB,66,185,25,48,15,1,2,17,19,53,0,2,.259,.330,.384,.714
362AdamA PiattPiattX362‌‌‌,2003,TB,14,32,5,6,3,0,2,3,3,16,0,0,.188,.250,.469,.719
362OswaldoO ArciaArciaRF362‌‌‌,2016,TB,21,54,7,14,2,1,2,7,6,19,1,1,.259,.328,.444,.772
362BrookB FordyceFordyceC362‌‌‌,2004,TB,54,151,14,31,6,0,2,9,9,34,0,0,.205,.259,.285,.544
362JoseJ GuillenGuillenRF362‌‌‌,1999,TB,47,168,24,41,10,0,2,13,10,36,0,0,.244,.312,.339,.651
362TrevorT PlouffePlouffeX362‌‌‌,2017,TB,42,101,9,17,2,0,2,5,12,30,0,1,.168,.263,.248,.511
362CarlC CrawfordCrawfordLF362‌‌‌,2002,TB,63,259,23,67,11,6,2,30,9,41,9,5,.259,.290,.371,.661
362BradB HawpeHawpeDH362‌‌‌,2010,TB,15,39,7,7,0,0,2,7,6,17,0,0,.179,.304,.333,.637
362JoshJ WilsonWilsonSS362‌‌‌,2007,TB,90,263,25,66,15,3,2,24,12,51,6,2,.251,.291,.354,.645
362PatP BurrellBurrellDH362‌‌‌,2010,TB,24,84,9,17,5,0,2,13,10,28,0,0,.202,.292,.333,.625
362ShaneS PetersonPetersonLF362‌‌‌,2017,TB,30,79,9,20,5,0,2,11,5,21,2,0,.253,.310,.392,.702
362DamianD RollsRolls2B362‌‌‌,2001,TB,81,237,33,62,11,1,2,12,10,47,12,4,.262,.291,.342,.633
362WadeW BoggsBoggs3B362‌‌‌,1999,TB,90,292,40,88,14,1,2,29,38,23,1,0,.301,.377,.377,.754
362MidreM CummingsCummingsDH362‌‌‌,2004,TB,22,54,10,15,4,0,2,7,5,12,1,0,.278,.361,.463,.824
362DavidD DeJesusDeJesusLF362‌‌‌,2013,TB,35,104,13,27,10,0,2,11,10,23,2,3,.260,.328,.413,.741
362RenéR PintoPintoC362‌‌‌,2022,TB,25,80,5,17,3,0,2,10,2,35,0,0,.213,.241,.325,.566
362MikeM DiFeliceDiFeliceC362‌‌‌,2001,TB,48,149,13,31,5,1,2,9,8,39,1,1,.208,.259,.295,.554
362BrooksB ConradConradX362‌‌‌,2012,TB,24,58,4,10,5,0,2,9,3,27,0,0,.172,.213,.362,.575
362AntonioA PerezPerez2B362‌‌‌,2003,TB,48,125,19,31,6,1,2,12,18,34,4,1,.248,.345,.360,.705
362OzzieO GuillenGuillenSS362‌‌‌,2000,TB,63,107,22,26,4,0,2,12,6,7,1,0,.243,.283,.336,.619
430ShawnS RiggansRiggansC430‌‌‌,2009,TB,7,14,2,2,0,0,1,1,0,3,0,0,.143,.143,.357,.500
430RobinsonR ChirinosChirinosC430‌‌‌,2011,TB,20,55,4,12,2,0,1,7,5,13,0,0,.218,.283,.309,.592
430BrandonB AllenAllenX430‌‌‌,2012,TB,7,13,3,2,0,0,1,3,2,4,0,0,.154,.267,.385,.652
430NickN FranklinFranklin2B430‌‌‌,2014,TB,11,34,4,7,2,0,1,4,3,11,1,0,.206,.263,.353,.616
430JerryJ SandsSandsX430‌‌‌,2014,TB,12,21,1,4,0,0,1,4,0,6,0,0,.190,.227,.333,.560
430DanielD NavaNavaRF430‌‌‌,2015,TB,31,73,7,17,2,0,1,3,12,19,1,0,.233,.364,.301,.665
430NateN KarnsKarnsP430‌‌‌,2015,TB,27,4,1,1,0,0,1,1,0,3,0,0,.250,.250,1.000,1.250
430AlexeiA RamirezRamirezSS430‌‌‌,2016,TB,17,57,5,14,3,0,1,7,4,7,2,0,.246,.295,.351,.646
430AkinoriA IwamuraIwamura2B430‌‌‌,2009,TB,69,231,28,67,16,2,1,22,24,44,9,1,.290,.355,.390,.745
430DamionD EasleyEasley3B430‌‌‌,2003,TB,36,107,8,20,3,1,1,7,2,18,0,0,.187,.202,.262,.464
430WillW RhymesRhymes2B430‌‌‌,2012,TB,47,123,11,28,2,1,1,8,10,17,1,2,.228,.299,.285,.584
430EduardoE PerezPerez1B430‌‌‌,2004,TB,13,38,2,8,2,0,1,7,4,9,0,0,.211,.286,.342,.628
430AndyA SheetsSheetsSS430‌‌‌,2001,TB,49,153,10,30,8,0,1,14,12,35,2,0,.196,.251,.268,.519
430KevinK StockerStockerSS430‌‌‌,1999,TB,79,254,39,76,11,2,1,27,24,41,9,7,.299,.369,.370,.739
430EstebanE YanYanP430‌‌‌,2000,TB,43,1,1,1,0,0,1,1,0,0,0,0,1.000,1.000,4.000,5.000
430RandyR WinnWinnCF430‌‌‌,1998,TB,109,338,51,94,9,9,1,17,29,69,26,12,.278,.337,.367,.704
430FelixF MartinezMartinezSS430‌‌‌,2001,TB,77,219,24,54,13,1,1,14,10,46,6,5,.247,.294,.329,.623
430JeffJ LieferLiefer3B430‌‌‌,2003,TB,9,25,4,3,1,0,1,3,3,13,0,0,.120,.214,.280,.494
430JuniorJ CamineroCaminero3B430‌‌‌,2023,TB,7,34,4,8,1,0,1,7,2,8,0,0,.235,.278,.353,.631
430DaveD McCartyMcCartyLF430‌‌‌,2002,TB,12,34,2,6,0,0,1,2,4,9,0,0,.176,.300,.265,.565
430JesúsJ SucreSucreC430‌‌‌,2018,TB,73,182,9,38,5,0,1,17,9,29,1,0,.209,.247,.253,.500
430QuintonQ McCrackenMcCrackenLF430‌‌‌,1999,TB,40,148,20,37,6,1,1,18,14,23,6,5,.250,.317,.324,.641
430B.J.B UptonUpton3B430‌‌‌,2006,TB,50,175,20,43,5,0,1,10,13,40,11,3,.246,.302,.291,.593
430PeteP LaforestLaforestC430‌‌‌,2005,TB,25,64,5,11,3,0,1,4,6,23,0,1,.172,.243,.266,.509
430RoccoR BaldelliBaldelliDH430‌‌‌,2010,TB,10,24,3,5,1,0,1,5,1,5,1,0,.208,.240,.375,.615
430HankH BlalockBlalockDH430‌‌‌,2010,TB,26,63,8,16,3,0,1,7,6,15,1,1,.254,.319,.349,.668
430DustanD MohrMohrLF430‌‌‌,2007,TB,7,16,1,2,0,0,1,2,0,6,0,1,.125,.125,.313,.438
430JasonJ SmithSmith3B430‌‌‌,2002,TB,26,65,9,13,1,2,1,6,2,24,3,0,.200,.224,.323,.547
430JaredJ SandbergSandberg3B430‌‌‌,2001,TB,39,136,13,28,7,0,1,15,10,45,1,0,.206,.265,.279,.544
430JoshJ PaulPaulC430‌‌‌,2007,TB,35,105,8,20,3,0,1,9,6,30,1,0,.190,.234,.248,.482
430BenB ZobristZobristSS430‌‌‌,2007,TB,31,97,8,15,2,0,1,9,3,21,2,0,.155,.184,.206,.390
430DesmondD JenningsJenningsLF430‌‌‌,2015,TB,28,97,9,26,2,1,1,7,8,17,5,3,.268,.324,.340,.664
430AdamA MooreMooreC430‌‌‌,2018,TB,8,18,2,4,1,0,1,2,1,7,0,0,.222,.263,.444,.707
430JoeJ DillonDillonDH430‌‌‌,2009,TB,15,30,4,9,0,0,1,2,3,4,0,0,.300,.400,.400,.800
430JasonJ BourgeoisBourgeoisDH430‌‌‌,2013,TB,9,16,2,3,0,0,1,2,2,4,0,0,.188,.278,.375,.653
430JasonJ BartlettBartlettSS430‌‌‌,2008,TB,128,454,48,130,25,3,1,37,22,69,20,6,.286,.329,.361,.690
430MattM DiazDiazLF430‌‌‌,2004,TB,10,21,3,4,1,1,1,3,1,6,0,0,.190,.292,.476,.768
430DionerD NavarroNavarroC430‌‌‌,2010,TB,48,124,11,24,5,0,1,7,12,20,0,1,.194,.270,.258,.528
430AllanA DykstraDykstra1B430‌‌‌,2015,TB,13,31,3,4,0,0,1,4,6,12,0,0,.129,.289,.226,.515
430ChrisC GimenezGimenezC430‌‌‌,2012,TB,42,100,10,26,4,0,1,9,8,24,0,0,.260,.315,.330,.645
430ReidR BrignacBrignacSS430‌‌‌,2011,TB,92,249,18,48,4,0,1,15,10,63,3,1,.193,.227,.221,.448
430ReidR BrignacBrignacSS430‌‌‌,2009,TB,31,90,10,25,8,2,1,6,3,20,2,2,.278,.301,.444,.745
430BrandonB GuyerGuyerLF430‌‌‌,2012,TB,3,7,2,1,0,0,1,1,0,1,0,0,.143,.143,.571,.714
430NickN CiuffoCiuffoC430‌‌‌,2018,TB,16,37,3,7,1,0,1,5,3,12,0,0,.189,.262,.297,.559
430AustinA MeadowsMeadowsRF430‌‌‌,2018,TB,10,24,3,6,1,0,1,4,2,5,1,0,.250,.308,.417,.725
430TristanT GrayGray1B430‌‌‌,2023,TB,2,5,1,2,0,0,1,1,0,0,0,0,.400,.400,1.000,1.400
430BrendanB McKayMcKayP430‌‌‌,2019,TB,18,10,2,2,0,0,1,1,1,2,0,0,.200,.273,.500,.773
430BrandonB LoweLowe2B430‌‌‌,2024,TB,13,43,4,6,1,0,1,4,5,12,0,0,.140,.245,.233,.478
430RichieR ShafferShaffer1B430‌‌‌,2016,TB,20,48,5,12,6,0,1,4,5,18,0,1,.250,.315,.438,.753
430CurtC CasaliCasaliC430‌‌‌,2017,TB,9,9,2,3,0,0,1,3,3,3,0,0,.333,.462,.667,1.129
430ChristianC ArroyoArroyo2B430‌‌‌,2018,TB,20,53,5,14,2,1,1,6,6,16,0,0,.264,.339,.396,.735
430MichaelM PérezPérezC430‌‌‌,2020,TB,38,84,7,14,3,0,1,13,7,27,0,0,.167,.237,.238,.475
430KevanK SmithSmithC430‌‌‌,2020,TB,17,31,3,8,3,0,1,8,5,11,0,0,.258,.378,.452,.830
430BrettB PhillipsPhillipsRF430‌‌‌,2020,TB,17,20,2,3,0,1,1,3,5,7,3,0,.150,.320,.400,.720
430MattM DuffyDuffySS430‌‌‌,2016,TB,21,76,9,21,3,0,1,7,3,13,0,1,.276,.300,.355,.655
430MattM DuffyDuffy3B430‌‌‌,2019,TB,46,147,12,37,8,0,1,12,19,29,0,1,.252,.343,.327,.670
430JoshJ PaulPaulC430‌‌‌,2006,TB,58,146,15,38,9,0,1,8,14,39,1,2,.260,.327,.342,.669
430BobbyB SmithSmith3B430‌‌‌,2002,TB,18,63,4,11,2,0,1,6,3,25,0,0,.175,.212,.254,.466
430RandyR WinnWinnLF430‌‌‌,2000,TB,51,159,28,40,5,0,1,16,26,25,6,7,.252,.362,.302,.664
430MichaelM PérezPérezC430‌‌‌,2018,TB,24,74,9,21,5,0,1,11,3,19,0,0,.284,.304,.392,.696
430MiguelM CairoCairo2B430‌‌‌,2000,TB,119,375,49,98,18,2,1,34,29,34,28,7,.261,.314,.328,.642
430DaveD MartinezMartinezRF430‌‌‌,2000,TB,29,104,12,27,4,2,1,12,10,17,1,4,.260,.319,.365,.684
430DavidD LambLambSS430‌‌‌,1999,TB,55,124,18,28,5,1,1,13,10,18,0,1,.226,.284,.306,.590
430TobyT HallHallC430‌‌‌,2000,TB,4,12,1,2,0,0,1,1,1,0,0,0,.167,.231,.417,.648
430MichelM HernandezHernandezC430‌‌‌,2009,TB,35,99,12,24,3,1,1,12,7,12,2,1,.242,.292,.323,.615
430AustinA ShentonShenton1B430‌‌‌,2024,TB,17,37,3,7,4,0,1,3,7,13,0,0,.189,.318,.378,.696
430LukeL RaleyRaleyRF430‌‌‌,2022,TB,22,61,7,12,2,0,1,4,7,24,0,0,.197,.306,.279,.585
430TaylorT WallsWallsSS430‌‌‌,2021,TB,54,152,15,32,10,0,1,15,23,49,4,2,.211,.314,.296,.610
430OsleivisO BasabeBasabeSS430‌‌‌,2023,TB,31,87,15,19,5,0,1,12,6,25,0,1,.218,.277,.310,.587
430CurtisC MeadMead3B430‌‌‌,2023,TB,24,83,12,21,3,1,1,5,7,21,0,0,.253,.326,.349,.675
430CurtisC MeadMead2B430‌‌‌,2024,TB,26,87,7,19,2,0,1,5,4,23,2,0,.218,.269,.276,.545
430JonathanJ ArandaArandaDH430‌‌‌,2024,TB,11,33,6,8,2,0,1,2,4,7,0,0,.242,.324,.394,.718
430HaroldH RamírezRamírezDH430‌‌‌,2024,TB,41,143,19,38,3,0,1,13,3,29,5,2,.266,.284,.308,.592
430GeorgeG LombardLombardRF430‌‌‌,2003,TB,13,37,8,8,1,0,1,4,0,6,1,0,.216,.237,.324,.561
430ManuelM MargotMargotCF430‌‌‌,2020,TB,47,145,19,39,9,0,1,11,13,25,12,4,.269,.327,.352,.679
430RussR JohnsonJohnson3B430‌‌‌,2002,TB,45,111,15,24,5,0,1,12,16,22,5,2,.216,.320,.288,.608
506JasonJ TynerTynerLF506‌‌‌,2001,TB,105,396,51,111,8,5,0,21,15,42,31,6,.280,.311,.326,.637
506JasonJ TynerTynerLF506‌‌‌,2000,TB,37,83,6,20,2,0,0,8,4,12,6,1,.241,.281,.265,.546
506VinceV BelnomeBelnomeDH506‌‌‌,2014,TB,4,10,1,1,1,0,0,1,3,3,0,0,.100,.286,.200,.486
506Jae WeongJ SeoSeoP506‌‌‌,2006,TB,17,1,0,0,0,0,0,0,0,0,0,0,.000,.000,.000,.000
506RobR BellBellP506‌‌‌,2004,TB,24,5,1,1,1,0,0,0,0,2,0,0,.200,.200,.400,.600
506VidalV NuñoNuñoP506‌‌‌,2018,TB,17,2,0,2,0,0,0,1,0,0,0,0,1.000,1.000,1.000,2.000
506DylanD FloroFloroP506‌‌‌,2016,TB,12,0,0,0,0,0,0,0,0,0,0,0,.000,.000,.000,.000
506MarcM KraussKrauss1B506‌‌‌,2015,TB,4,10,0,1,1,0,0,1,0,7,0,0,.100,.100,.200,.300
506LukeL MaileMaileC506‌‌‌,2015,TB,15,35,2,6,3,0,0,2,0,8,0,0,.171,.171,.257,.428
506DamianD RollsRollsRF506‌‌‌,2002,TB,21,89,15,26,6,1,0,6,3,16,2,5,.292,.330,.382,.712
506JasonJ TynerTynerRF506‌‌‌,2003,TB,46,90,12,25,7,0,0,6,10,12,2,1,.278,.350,.356,.706
506TravisT HarperHarperP506‌‌‌,2003,TB,61,0,0,0,0,0,0,0,0,0,0,0,.000,.000,.000,.000
506TravisT HarperHarperP506‌‌‌,2002,TB,37,0,0,0,0,0,0,0,0,0,0,0,.000,.000,.000,.000
506SteveS CoxCox1B506‌‌‌,1999,TB,6,19,0,4,1,0,0,0,0,2,0,0,.211,.211,.263,.474
506RyanR SherriffSherriffP506‌‌‌,2021,TB,16,0,0,0,0,0,0,0,0,0,0,0,.000,.000,.000,.000
506RomanR QuinnQuinnLF506‌‌‌,2022,TB,21,42,7,11,2,2,0,4,4,21,0,2,.262,.340,.405,.745
506ReggieR TaylorTaylorCF506‌‌‌,2005,TB,11,22,2,4,2,0,0,1,2,7,2,0,.182,.250,.273,.523
506RyneR StanekStanekP506‌‌‌,2018,TB,59,0,0,0,0,0,0,0,0,0,0,0,.000,.000,.000,.000
506RyneR StanekStanekP506‌‌‌,2019,TB,41,0,0,0,0,0,0,0,0,0,0,0,.000,.000,.000,.000
506ChaseC WhitleyWhitleyP506‌‌‌,2017,TB,41,0,0,0,0,0,0,0,0,0,0,0,.000,.000,.000,.000
506JasonJ TynerTynerLF506‌‌‌,2002,TB,44,168,17,36,2,1,0,9,7,19,7,1,.214,.249,.238,.487
506RyanR RupeRupeP506‌‌‌,1999,TB,24,4,0,0,0,0,0,0,0,1,0,0,.000,.000,.000,.000
506PaulP HooverHooverC506‌‌‌,2002,TB,5,17,1,3,0,0,0,2,0,5,0,0,.176,.176,.176,.352
506PaulP HooverHooverC506‌‌‌,2001,TB,3,4,1,1,0,0,0,0,0,1,0,0,.250,.250,.250,.500
506TravisT HarperHarperP506‌‌‌,2006,TB,30,0,0,0,0,0,0,0,0,0,0,0,.000,.000,.000,.000
506MilesM MastrobuoniMastrobuoni2B506‌‌‌,2022,TB,8,16,1,3,0,0,0,0,1,6,1,0,.188,.235,.188,.423
506JoséJ De LeónDe LeónP506‌‌‌,2019,TB,3,0,0,0,0,0,0,0,0,0,0,0,.000,.000,.000,.000
506NikoN GoodrumGoodrumLF506‌‌‌,2024,TB,9,16,1,3,0,0,0,0,1,6,0,1,.188,.235,.188,.423
506AdamA KolarekKolarekP506‌‌‌,2017,TB,12,0,0,0,0,0,0,0,0,0,0,0,.000,.000,.000,.000
506AdamA KolarekKolarekP506‌‌‌,2018,TB,31,0,0,0,0,0,0,0,0,0,0,0,.000,.000,.000,.000
506RyanR RupeRupeP506‌‌‌,2000,TB,18,1,0,0,0,0,0,0,0,0,0,0,.000,.000,.000,.000
506KevinK KiermaierKiermaierCF506‌‌‌,2013,TB,1,0,0,0,0,0,0,0,0,0,0,0,.000,.000,.000,.000
506DamianD RollsRollsX506‌‌‌,2000,TB,4,3,0,1,0,0,0,0,0,1,0,0,.333,.333,.333,.666
506ChrisC SingletonSingletonX506‌‌‌,2005,TB,28,59,9,16,5,0,0,11,6,14,0,0,.271,.348,.356,.704
506MikeM VenafroVenafroP506‌‌‌,2003,TB,24,0,0,0,0,0,0,0,0,0,0,0,.000,.000,.000,.000
506CharlesC JohnsonJohnsonC506‌‌‌,2005,TB,19,46,5,9,4,0,0,5,9,11,0,0,.196,.327,.283,.610
506EnnyE RomeroRomeroP506‌‌‌,2016,TB,52,0,0,0,0,0,0,0,0,0,0,0,.000,.000,.000,.000
506SteveS GeltzGeltzP506‌‌‌,2015,TB,70,0,0,0,0,0,0,0,0,0,0,0,.000,.000,.000,.000
506ScottS AldredAldredP506‌‌‌,1998,TB,48,0,0,0,0,0,0,0,0,0,0,0,.000,.000,.000,.000
506ChadC HarvilleHarvilleP506‌‌‌,2006,TB,32,0,0,0,0,0,0,0,0,0,0,0,.000,.000,.000,.000
506DamianD RollsRolls3B506‌‌‌,2004,TB,53,117,12,19,5,0,0,9,10,36,2,1,.162,.231,.205,.436
506AndrewA KittredgeKittredgeP506‌‌‌,2018,TB,33,1,0,0,0,0,0,0,0,1,0,0,.000,.000,.000,.000
506TravisT HarperHarperP506‌‌‌,2004,TB,52,0,0,0,0,0,0,0,0,0,0,0,.000,.000,.000,.000
506AndrewA KittredgeKittredgeP506‌‌‌,2021,TB,57,0,0,0,0,0,0,0,0,0,0,0,.000,.000,.000,.000
506MichelM HernandezHernandezC506‌‌‌,2008,TB,5,15,2,3,0,0,0,0,0,3,0,0,.200,.200,.200,.400
506ChrisC TrubyTruby3B506‌‌‌,2003,TB,13,43,4,12,3,0,0,3,5,13,0,0,.279,.354,.349,.703
506JoséJ MolinaMolinaC506‌‌‌,2014,TB,80,225,4,40,2,0,0,10,14,55,3,0,.178,.230,.187,.417
506KyleK FarnsworthFarnsworthP506‌‌‌,2013,TB,39,0,0,0,0,0,0,0,0,0,0,0,.000,.000,.000,.000
506KyleK FarnsworthFarnsworthP506‌‌‌,2011,TB,63,0,0,0,0,0,0,0,0,0,0,0,.000,.000,.000,.000
506DougD CreekCreekP506‌‌‌,2002,TB,29,1,0,0,0,0,0,0,0,1,0,0,.000,.000,.000,.000
506JasonJ IsringhausenIsringhausenP506‌‌‌,2009,TB,9,0,0,0,0,0,0,0,0,0,0,0,.000,.000,.000,.000
506MichaelM PérezPérezC506‌‌‌,2019,TB,22,46,6,10,5,0,0,2,8,19,0,0,.217,.345,.326,.671
506TravisT HarperHarperP506‌‌‌,2005,TB,52,1,0,0,0,0,0,0,0,1,0,0,.000,.000,.000,.000
506AndrewA KittredgeKittredgeP506‌‌‌,2019,TB,37,0,0,0,0,0,0,0,0,0,0,0,.000,.000,.000,.000
506DanD JenningsJenningsP506‌‌‌,2017,TB,29,0,0,0,0,0,0,0,0,0,0,0,.000,.000,.000,.000
506DannyD FarquharFarquharP506‌‌‌,2017,TB,37,0,0,0,0,0,0,0,0,0,0,0,.000,.000,.000,.000
506NathanN EovaldiEovaldiP506‌‌‌,2018,TB,11,7,1,1,0,0,0,1,0,5,0,0,.143,.143,.143,.286
506OliverO DrakeDrakeP506‌‌‌,2019,TB,50,1,0,1,0,0,0,1,0,0,0,0,1.000,1.000,1.000,2.000
506RyanR WeberWeberP506‌‌‌,2018,TB,2,1,0,0,0,0,0,0,0,1,0,0,.000,.000,.000,.000
506WilsonW AlvarezAlvarezP506‌‌‌,1999,TB,28,3,0,0,0,0,0,0,0,1,0,0,.000,.000,.000,.000
506JakeJ OdorizziOdorizziP506‌‌‌,2017,TB,28,3,0,1,0,0,0,1,0,0,0,0,.333,.333,.333,.666
506JakeJ OdorizziOdorizziP506‌‌‌,2016,TB,33,4,0,1,0,0,0,1,0,1,0,0,.250,.250,.250,.500
506JakeJ OdorizziOdorizziP506‌‌‌,2015,TB,28,4,0,0,0,0,0,0,0,2,0,0,.000,.000,.000,.000
506JakeJ OdorizziOdorizziP506‌‌‌,2014,TB,31,4,0,0,0,0,0,1,1,3,0,0,.000,.200,.000,.200
506BrentB AbernathyAbernathy2B506‌‌‌,2003,TB,2,7,1,0,0,0,0,0,0,0,1,0,.000,.000,.000,.000
506GaryG GloverGloverP506‌‌‌,2007,TB,67,0,0,0,0,0,0,0,0,0,0,0,.000,.000,.000,.000
506AdamA KolarekKolarekP506‌‌‌,2019,TB,54,0,0,0,0,0,0,0,0,0,0,0,.000,.000,.000,.000
506JoshJ LuekeLuekeP506‌‌‌,2013,TB,19,0,0,0,0,0,0,0,0,0,0,0,.000,.000,.000,.000
506GrantG BalfourBalfourP506‌‌‌,2008,TB,51,1,0,0,0,0,0,0,0,1,0,0,.000,.000,.000,.000
506GrantG BalfourBalfourP506‌‌‌,2009,TB,73,0,0,0,0,0,0,0,0,0,0,0,.000,.000,.000,.000
506SteveS CishekCishekP506‌‌‌,2017,TB,26,0,0,0,0,0,0,0,0,0,0,0,.000,.000,.000,.000
506AlexA ColoméColoméP506‌‌‌,2017,TB,65,0,0,0,0,0,0,0,0,0,0,0,.000,.000,.000,.000
506AlexA ColoméColoméP506‌‌‌,2016,TB,57,0,0,0,0,0,0,0,0,0,0,0,.000,.000,.000,.000
506AlexA ColoméColoméP506‌‌‌,2015,TB,43,0,0,0,0,0,0,0,0,0,0,0,.000,.000,.000,.000
506SeanS BurroughsBurroughs3B506‌‌‌,2006,TB,8,21,3,4,1,0,0,1,4,7,1,0,.190,.320,.238,.558
506JasonJ StandridgeStandridgeP506‌‌‌,2003,TB,8,0,0,0,0,0,0,0,1,0,0,1,.000,1.000,.000,1.000
506RandyR ChoateChoateP506‌‌‌,2009,TB,61,0,0,0,0,0,0,0,0,0,0,0,.000,.000,.000,.000
506RandyR ChoateChoateP506‌‌‌,2010,TB,85,0,0,0,0,0,0,0,0,0,0,0,.000,.000,.000,.000
506MattM MooreMooreP506‌‌‌,2016,TB,21,7,0,2,0,0,0,0,0,2,0,0,.286,.286,.286,.572
506MattM MooreMooreP506‌‌‌,2015,TB,12,1,0,0,0,0,0,0,0,0,0,0,.000,.000,.000,.000
506JoshJ LuekeLuekeP506‌‌‌,2014,TB,25,0,0,0,0,0,0,0,0,0,0,0,.000,.000,.000,.000
506RyanR RupeRupeP506‌‌‌,2001,TB,28,3,1,1,1,0,0,0,0,1,0,0,.333,.333,.667,1.000
506RyanR RupeRupeP506‌‌‌,2002,TB,15,1,0,0,0,0,0,0,0,1,0,0,.000,.000,.000,.000
506CurtC CasaliCasaliC506‌‌‌,2014,TB,30,72,10,12,3,0,0,3,8,23,0,0,.167,.268,.208,.476
506RyanR BrettBrett2B506‌‌‌,2015,TB,3,3,0,2,1,0,0,0,1,0,0,0,.667,.750,1.000,1.750
506NickN BierbrodtBierbrodtP506‌‌‌,2003,TB,13,0,0,0,0,0,0,0,0,0,0,0,.000,.000,.000,.000
506RobR BellBellP506‌‌‌,2003,TB,19,2,0,0,0,0,0,0,0,1,0,0,.000,.000,.000,.000
506JunielJ QuerecutoQuerecuto2B506‌‌‌,2016,TB,4,11,1,1,0,1,0,2,0,6,0,0,.091,.091,.273,.364
506TylerT SturdevantSturdevantP506‌‌‌,2016,TB,16,0,0,0,0,0,0,0,0,0,0,0,.000,.000,.000,.000
506LanceL CarterCarterP506‌‌‌,2003,TB,62,0,0,0,0,0,0,0,0,0,0,0,.000,.000,.000,.000
506TimT BeckhamBeckhamX506‌‌‌,2013,TB,5,7,1,3,0,0,0,1,0,0,0,0,.429,.375,.429,.804
506ShawnS ArmstrongArmstrongP506‌‌‌,2021,TB,11,0,0,0,0,0,0,0,0,0,0,0,.000,.000,.000,.000
506MattM AndrieseAndrieseP506‌‌‌,2018,TB,27,0,0,0,0,0,0,0,0,0,0,0,.000,.000,.000,.000
506MattM AndrieseAndrieseP506‌‌‌,2016,TB,29,1,0,0,0,0,0,0,0,0,0,0,.000,.000,.000,.000
506JulioJ FrancoFranco1B506‌‌‌,1999,TB,1,1,0,0,0,0,0,0,0,1,0,0,.000,.000,.000,.000
506LanceL CarterCarterP506‌‌‌,2004,TB,56,0,0,0,0,0,0,0,0,0,0,0,.000,.000,.000,.000
506LanceL CarterCarterP506‌‌‌,2005,TB,39,0,0,0,0,0,0,0,0,0,0,0,.000,.000,.000,.000
506JaffJ DeckerDeckerRF506‌‌‌,2016,TB,19,52,1,8,1,0,0,1,4,14,1,0,.154,.211,.173,.384
506KennyK KellyKellyX506‌‌‌,2000,TB,2,1,0,0,0,0,0,0,0,0,0,0,.000,.000,.000,.000
506AdamA ConleyConleyP506‌‌‌,2021,TB,17,0,0,0,0,0,0,0,0,0,0,0,.000,.000,.000,.000
506DanD WheelerWheelerP506‌‌‌,2008,TB,70,0,0,0,0,0,0,0,0,0,0,0,.000,.000,.000,.000
506JeffJ BeliveauBeliveauP506‌‌‌,2015,TB,5,0,0,0,0,0,0,0,0,0,0,0,.000,.000,.000,.000
506JeffJ BeliveauBeliveauP506‌‌‌,2014,TB,30,0,0,0,0,0,0,0,0,0,0,0,.000,.000,.000,.000
506DanD WheelerWheelerP506‌‌‌,2009,TB,69,0,0,0,0,0,0,0,0,0,0,0,.000,.000,.000,.000
506DanD WheelerWheelerP506‌‌‌,2010,TB,64,0,0,0,0,0,0,0,0,0,0,0,.000,.000,.000,.000
506GaryG GloverGloverP506‌‌‌,2008,TB,29,0,0,0,0,0,0,0,0,0,0,0,.000,.000,.000,.000
506CollinC McHughMcHughP506‌‌‌,2021,TB,37,0,0,0,0,0,0,0,0,0,0,0,.000,.000,.000,.000
506MickeyM CallawayCallawayP506‌‌‌,1999,TB,6,3,0,2,0,0,0,1,0,0,0,0,.667,.667,.667,1.334
506MattM AndrieseAndrieseP506‌‌‌,2015,TB,25,1,0,0,0,0,0,0,0,0,0,0,.000,.000,.000,.000
506DiegoD CastilloCastilloP506‌‌‌,2021,TB,37,0,0,0,0,0,0,0,0,0,0,0,.000,.000,.000,.000
506DiegoD CastilloCastilloP506‌‌‌,2019,TB,65,1,0,0,0,0,0,0,0,1,0,0,.000,.000,.000,.000
506DiegoD CastilloCastilloP506‌‌‌,2018,TB,43,1,0,0,0,0,0,0,0,1,0,0,.000,.000,.000,.000
506MannyM RamirezRamirezDH506‌‌‌,2011,TB,5,17,0,1,0,0,0,1,0,4,0,0,.059,.059,.059,.118
506J.P.J HowellHowellP506‌‌‌,2011,TB,46,0,0,0,0,0,0,0,0,0,0,0,.000,.000,.000,.000
506ScottS KazmirKazmirP506‌‌‌,2005,TB,32,1,0,0,0,0,0,0,0,0,0,0,.000,.000,.000,.000
506ScottS KazmirKazmirP506‌‌‌,2006,TB,24,3,0,0,0,0,0,0,0,2,0,0,.000,.000,.000,.000
506ScottS KazmirKazmirP506‌‌‌,2007,TB,34,2,0,1,0,0,0,1,0,0,0,0,.500,.500,.500,1.000
506ScottS KazmirKazmirP506‌‌‌,2008,TB,27,2,0,0,0,0,0,0,0,1,0,0,.000,.000,.000,.000
506JoeyJ GathrightGathrightCF506‌‌‌,2004,TB,19,52,11,13,0,0,0,1,2,14,6,1,.250,.316,.250,.566
506JoeyJ GathrightGathrightCF506‌‌‌,2005,TB,76,203,29,56,7,3,0,13,10,39,20,5,.276,.316,.340,.656
506JoeyJ GathrightGathrightCF506‌‌‌,2006,TB,55,154,25,31,6,0,0,13,20,30,12,3,.201,.305,.240,.545
506EmilioE PagánPagánP506‌‌‌,2019,TB,66,1,0,0,0,0,0,0,0,1,0,0,.000,.000,.000,.000
506JeffJ BennettBennettP506‌‌‌,2009,TB,11,0,0,0,0,0,0,0,0,0,0,0,.000,.000,.000,.000
506WilsonW AlvarezAlvarezP506‌‌‌,2002,TB,23,4,0,0,0,0,0,0,0,1,0,0,.000,.000,.000,.000
506JasonJ HammelHammelP506‌‌‌,2007,TB,24,1,0,1,1,0,0,1,0,0,0,0,1.000,1.000,2.000,3.000
506JayJ WitasickWitasickP506‌‌‌,2007,TB,20,0,0,0,0,0,0,0,0,0,0,0,.000,.000,.000,.000
506BobbyB WittWittP506‌‌‌,1999,TB,32,2,0,0,0,0,0,0,0,1,0,0,.000,.000,.000,.000
506JameyJ WrightWrightP506‌‌‌,2013,TB,66,0,0,0,0,0,0,0,0,0,0,0,.000,.000,.000,.000
506ScottS AldredAldredP506‌‌‌,1999,TB,37,0,0,0,0,0,0,0,0,0,0,0,.000,.000,.000,.000
506TonyT GraffaninoGraffanino2B506‌‌‌,2000,TB,13,20,8,6,1,0,0,1,1,2,0,0,.300,.364,.350,.714
506EstebanE YanYanP506‌‌‌,1998,TB,64,0,0,0,0,0,0,0,0,0,0,0,.000,.000,.000,.000
506MarkM GuthrieGuthrieP506‌‌‌,2000,TB,34,0,0,0,0,0,0,0,0,0,0,0,.000,.000,.000,.000
506EstebanE YanYanP506‌‌‌,1999,TB,50,0,0,0,0,0,0,0,0,0,0,0,.000,.000,.000,.000
506DaveD EilandEilandP506‌‌‌,1999,TB,21,1,0,0,0,0,0,0,0,0,0,0,.000,.000,.000,.000
506GeremiG GonzalezGonzalezP506‌‌‌,2003,TB,25,6,0,0,0,0,0,0,0,3,0,0,.000,.000,.000,.000
506RichR ThompsonThompsonX506‌‌‌,2012,TB,23,22,5,2,0,0,0,1,0,5,6,2,.091,.167,.091,.258
506RussR SpringerSpringerP506‌‌‌,2009,TB,26,0,0,0,0,0,0,0,0,0,0,0,.000,.000,.000,.000
506TanyonT SturtzeSturtzeP506‌‌‌,2000,TB,19,0,0,0,0,0,0,0,0,0,0,0,.000,.000,.000,.000
506TanyonT SturtzeSturtzeP506‌‌‌,2001,TB,39,8,0,1,0,0,0,0,0,3,0,0,.125,.125,.125,.250
506TanyonT SturtzeSturtzeP506‌‌‌,2002,TB,33,4,0,0,0,0,0,0,0,1,0,0,.000,.000,.000,.000
506RyanR YarbroughYarbroughP506‌‌‌,2021,TB,30,4,0,0,0,0,0,0,0,2,0,0,.000,.000,.000,.000
506RyanR YarbroughYarbroughP506‌‌‌,2019,TB,28,0,0,0,0,0,0,0,0,0,0,0,.000,.000,.000,.000
506RyanR YarbroughYarbroughP506‌‌‌,2018,TB,38,3,0,0,0,0,0,0,0,2,0,0,.000,.000,.000,.000
506AustinA PruittPruittP506‌‌‌,2017,TB,31,0,0,0,0,0,0,0,0,0,0,0,.000,.000,.000,.000
506JohnnyJ DavisDavisX506‌‌‌,2019,TB,8,4,5,1,0,1,0,0,0,2,0,0,.250,.250,.750,1.000
506JulioJ SantanaSantanaP506‌‌‌,1998,TB,32,4,0,0,0,0,0,0,0,3,0,0,.000,.000,.000,.000
506JulioJ SantanaSantanaP506‌‌‌,1999,TB,22,1,0,1,0,0,0,1,0,0,0,0,1.000,1.000,1.000,2.000
506TonyT SaundersSaundersP506‌‌‌,1998,TB,31,2,0,2,0,0,0,0,0,0,0,0,1.000,1.000,1.000,2.000
506HerbertH PerryPerry3B506‌‌‌,2000,TB,7,28,2,6,1,0,0,1,2,7,0,0,.214,.267,.250,.517
506DaveD SilvestriSilvestri3B506‌‌‌,1998,TB,8,14,0,1,0,0,0,0,0,2,0,0,.071,.071,.071,.142
506RandallR SimonSimonDH506‌‌‌,2004,TB,8,17,2,2,0,0,0,0,3,2,0,0,.118,.286,.118,.404
506BryanB RekarRekarP506‌‌‌,1999,TB,27,5,0,1,0,0,0,0,0,2,0,0,.200,.200,.200,.400
506BryanB RekarRekarP506‌‌‌,2000,TB,30,3,0,1,1,0,0,1,0,1,0,0,.333,.333,.667,1.000
506BryanB RekarRekarP506‌‌‌,2001,TB,25,2,0,0,0,0,0,0,0,1,0,0,.000,.000,.000,.000
506CarlosC ReyesReyesP506‌‌‌,2003,TB,10,1,0,0,0,0,0,0,1,0,0,0,.000,.500,.000,.500
506AlA ReyesReyesP506‌‌‌,2007,TB,61,0,0,0,0,0,0,0,0,0,0,0,.000,.000,.000,.000
506AlA ReyesReyesP506‌‌‌,2008,TB,26,0,0,0,0,0,0,0,0,0,0,0,.000,.000,.000,.000
506AustinA PruittPruittP506‌‌‌,2019,TB,14,1,0,0,0,0,0,0,0,1,0,0,.000,.000,.000,.000
506AustinA PruittPruittP506‌‌‌,2018,TB,23,0,0,0,0,0,0,0,0,0,0,0,.000,.000,.000,.000
506JohnJ JasoJasoC506‌‌‌,2008,TB,5,10,2,2,0,0,0,0,0,2,0,0,.200,.200,.200,.400
506TroyT PercivalPercivalP506‌‌‌,2008,TB,50,0,0,0,0,0,0,0,0,0,0,0,.000,.000,.000,.000
506TroyT PercivalPercivalP506‌‌‌,2009,TB,14,0,0,0,0,0,0,0,0,0,0,0,.000,.000,.000,.000
506BrianB ShouseShouseP506‌‌‌,2009,TB,45,0,0,0,0,0,0,0,0,0,0,0,.000,.000,.000,.000
506RobertoR HernandezHernandezP506‌‌‌,2000,TB,68,0,0,0,0,0,0,0,0,0,0,0,.000,.000,.000,.000
506JTJ ChargoisChargoisP506‌‌‌,2021,TB,25,0,0,0,0,0,0,0,0,0,0,0,.000,.000,.000,.000
506MichaelM WachaWachaP506‌‌‌,2021,TB,30,3,0,0,0,0,0,0,0,3,0,0,.000,.000,.000,.000
506KevanK SmithSmithC506‌‌‌,2021,TB,3,4,2,1,0,0,0,0,0,2,0,0,.250,.250,.250,.500
506RobertoR HernandezHernandezP506‌‌‌,1999,TB,72,0,0,0,0,0,0,0,0,0,0,0,.000,.000,.000,.000
506TylerT GlasnowGlasnowP506‌‌‌,2021,TB,14,2,0,0,0,0,0,0,0,2,0,0,.000,.000,.000,.000
506TylerT GlasnowGlasnowP506‌‌‌,2019,TB,12,2,0,0,0,0,0,0,0,1,0,0,.000,.000,.000,.000
506RaimelR TapiaTapiaLF506‌‌‌,2023,TB,5,9,4,3,0,0,0,0,2,1,2,0,.333,.455,.333,.788
506MattM WislerWislerP506‌‌‌,2021,TB,27,0,0,0,0,0,0,0,0,0,0,0,.000,.000,.000,.000
506JoséJ AlvaradoAlvaradoP506‌‌‌,2019,TB,35,0,0,0,0,0,0,0,0,0,0,0,.000,.000,.000,.000
506JoséJ AlvaradoAlvaradoP506‌‌‌,2018,TB,70,0,0,0,0,0,0,0,0,0,0,0,.000,.000,.000,.000
506HunterH WoodWoodP506‌‌‌,2018,TB,31,0,0,0,0,0,0,0,0,0,0,0,.000,.000,.000,.000
506PaulP WilsonWilsonP506‌‌‌,2001,TB,37,0,0,0,0,0,0,0,0,0,0,0,.000,.000,.000,.000
506BobbyB SmithSmith2B506‌‌‌,2001,TB,6,19,1,2,0,0,0,1,3,10,0,0,.105,.227,.105,.332
506RolandoR ArrojoArrojoP506‌‌‌,1998,TB,32,3,0,0,0,0,0,0,0,2,0,0,.000,.000,.000,.000
506MikeM DuvallDuvallP506‌‌‌,1999,TB,40,0,0,0,0,0,0,0,1,0,0,0,.000,1.000,.000,1.000
506KerryK RobinsonRobinsonLF506‌‌‌,1998,TB,2,3,0,0,0,0,0,0,0,1,0,0,.000,.000,.000,.000
506EstebanE YanYanP506‌‌‌,2001,TB,54,0,0,0,0,0,0,0,0,0,0,0,.000,.000,.000,.000
506EstebanE YanYanP506‌‌‌,2002,TB,55,0,0,0,0,0,0,0,0,0,0,0,.000,.000,.000,.000
506BrianB MeadowsMeadowsP506‌‌‌,2006,TB,53,0,0,0,0,0,0,0,0,0,0,0,.000,.000,.000,.000
506AnthonyA BemboomBemboomC506‌‌‌,2019,TB,3,5,0,2,1,0,0,1,0,2,0,0,.400,.400,.600,1.000
506ScottS McClainMcClain1B506‌‌‌,1998,TB,9,20,2,2,0,0,0,0,2,6,0,0,.100,.217,.100,.317
506CharlesC GipsonGipsonSS506‌‌‌,2004,TB,5,4,1,2,0,0,0,0,0,1,1,0,.500,.500,.500,1.000
506RobertoR HernandezHernandezP506‌‌‌,1998,TB,67,0,0,0,0,0,0,0,0,0,0,0,.000,.000,.000,.000
506ColinC PochePocheP506‌‌‌,2019,TB,51,0,0,0,0,0,0,0,0,0,0,0,.000,.000,.000,.000
506DrewD SmylySmylyP506‌‌‌,2016,TB,30,2,0,0,0,0,0,0,0,0,0,0,.000,.000,.000,.000
506JohnJ HalamaHalamaP506‌‌‌,2004,TB,34,3,0,0,0,0,0,0,0,1,0,0,.000,.000,.000,.000
506PaulP WilsonWilsonP506‌‌‌,2002,TB,30,5,0,0,0,0,0,0,0,5,0,0,.000,.000,.000,.000
506RyanR GartonGartonP506‌‌‌,2016,TB,37,0,0,0,0,0,0,0,0,0,0,0,.000,.000,.000,.000
506NickN AndersonAndersonP506‌‌‌,2019,TB,23,0,0,0,0,0,0,0,0,0,0,0,.000,.000,.000,.000
506AndrewA VelazquezVelazquez3B506‌‌‌,2019,TB,10,12,2,1,1,0,0,0,0,6,0,0,.083,.083,.167,.250
506AndrewA VelazquezVelazquez3B506‌‌‌,2018,TB,13,10,3,3,1,0,0,0,1,3,1,0,.300,.417,.400,.817
506RickR WhiteWhiteP506‌‌‌,1998,TB,38,3,0,1,0,0,0,0,0,1,0,0,.333,.333,.333,.666
506JoshJ FlemingFlemingP506‌‌‌,2021,TB,26,1,0,0,0,0,0,0,0,1,0,0,.000,.000,.000,.000
506YonnyY ChirinosChirinosP506‌‌‌,2019,TB,26,2,0,0,0,0,0,0,0,2,0,0,.000,.000,.000,.000
506YonnyY ChirinosChirinosP506‌‌‌,2018,TB,18,1,0,0,0,0,0,0,0,1,0,0,.000,.000,.000,.000
506RickR WhiteWhiteP506‌‌‌,1999,TB,63,0,0,0,0,0,0,0,0,0,0,0,.000,.000,.000,.000
506NickN CiuffoCiuffoC506‌‌‌,2019,TB,3,6,0,1,0,0,0,0,0,3,0,0,.167,.167,.167,.334
506MikeM DiFeliceDiFeliceC506‌‌‌,2008,TB,7,20,1,6,1,0,0,4,1,1,0,0,.300,.364,.350,.714
506RickR WhiteWhiteP506‌‌‌,2000,TB,44,0,0,0,0,0,0,0,0,0,0,0,.000,.000,.000,.000
506DougD CreekCreekP506‌‌‌,2001,TB,66,0,0,0,0,0,0,0,0,0,0,0,.000,.000,.000,.000
506JustinJ WilliamsWilliamsRF506‌‌‌,2018,TB,1,1,0,0,0,0,0,0,0,0,0,0,.000,.000,.000,.000
506ColeC SulserSulserP506‌‌‌,2019,TB,7,0,0,0,0,0,0,0,0,0,0,0,.000,.000,.000,.000
506MattM MooreMooreP506‌‌‌,2013,TB,27,2,0,0,0,0,0,0,0,0,0,0,.000,.000,.000,.000
506JosephJ OdomOdomC506‌‌‌,2021,TB,2,2,0,0,0,0,0,0,0,1,0,0,.000,.000,.000,.000
506SteveS TrachselTrachselP506‌‌‌,2000,TB,23,4,0,1,0,0,0,0,1,1,0,0,.250,.400,.250,.650
506JeffJ WallaceWallaceP506‌‌‌,2001,TB,29,0,0,0,0,0,0,0,0,0,0,0,.000,.000,.000,.000
506JeromeJ WaltonWaltonX506‌‌‌,1998,TB,12,34,4,11,3,0,0,3,2,6,0,0,.324,.361,.412,.773
506JeffreyJ SpringsSpringsP506‌‌‌,2021,TB,43,0,0,0,0,0,0,0,0,0,0,0,.000,.000,.000,.000
506BlakeB SnellSnellP506‌‌‌,2019,TB,23,0,0,0,0,0,0,0,0,0,0,0,.000,.000,.000,.000
506BlakeB SnellSnellP506‌‌‌,2018,TB,31,1,0,0,0,0,0,0,1,1,0,0,.000,.667,.000,.667
506BlakeB SnellSnellP506‌‌‌,2017,TB,24,5,0,0,0,0,0,0,1,1,0,0,.000,.167,.000,.167
506BlakeB SnellSnellP506‌‌‌,2016,TB,19,2,0,0,0,0,0,0,1,1,0,0,.000,.333,.000,.333
506DougD CreekCreekP506‌‌‌,2000,TB,45,0,0,0,0,0,0,0,0,0,0,0,.000,.000,.000,.000
506KeanK WongWong2B506‌‌‌,2019,TB,6,14,1,3,0,0,0,0,0,5,0,1,.214,.214,.214,.428
506JamesJ ShieldsShieldsP506‌‌‌,2007,TB,31,6,1,1,0,0,0,0,0,0,0,0,.167,.167,.167,.334
506JamesJ ShieldsShieldsP506‌‌‌,2006,TB,21,8,2,3,0,0,0,0,0,3,0,0,.375,.375,.375,.750
506RichR HillHillP506‌‌‌,2021,TB,19,4,0,1,0,0,0,0,0,2,0,0,.250,.250,.250,.500
506ShawnS CampCampP506‌‌‌,2006,TB,75,0,0,0,0,0,0,0,0,0,0,0,.000,.000,.000,.000
506DrewD SuttonSutton3B506‌‌‌,2012,TB,18,48,2,13,4,0,0,6,2,16,0,0,.271,.314,.354,.668
506ShawnS CampCampP506‌‌‌,2007,TB,50,0,0,0,0,0,0,0,0,0,0,0,.000,.000,.000,.000
506CharlieC MortonMortonP506‌‌‌,2019,TB,33,2,0,0,0,0,0,0,0,2,0,0,.000,.000,.000,.000
506EdwinE JacksonJacksonP506‌‌‌,2006,TB,23,0,0,0,0,0,0,0,0,0,0,0,.000,.000,.000,.000
506EdwinE JacksonJacksonP506‌‌‌,2007,TB,32,2,0,1,0,0,0,0,0,1,0,0,.500,.500,.500,1.000
506JustinJ RuggianoRuggianoCF506‌‌‌,2007,TB,7,14,2,3,0,0,0,3,1,5,0,0,.214,.267,.214,.481
506FernandoF CortezCortezX506‌‌‌,2005,TB,8,13,0,1,0,0,0,1,1,3,0,0,.077,.143,.077,.220
506HeathH BellBellP506‌‌‌,2014,TB,13,0,0,0,0,0,0,0,0,0,0,0,.000,.000,.000,.000
506PeteP LaforestLaforestDH506‌‌‌,2003,TB,19,48,0,8,2,0,0,6,1,14,0,0,.167,.196,.208,.404
506GrantG BalfourBalfourP506‌‌‌,2015,TB,6,0,0,0,0,0,0,0,0,0,0,0,.000,.000,.000,.000
506SethS McClungMcClungP506‌‌‌,2006,TB,39,1,0,0,0,0,0,0,0,0,0,0,.000,.000,.000,.000
506BrianB StokesStokesP506‌‌‌,2007,TB,59,0,0,0,0,0,0,0,0,0,0,0,.000,.000,.000,.000
506DougD WaechterWaechterP506‌‌‌,2005,TB,29,2,1,0,0,0,0,0,0,0,0,0,.000,.000,.000,.000
506RuddyR LugoLugoP506‌‌‌,2006,TB,64,0,0,0,0,0,0,0,0,0,0,0,.000,.000,.000,.000
506PeteP FairbanksFairbanksP506‌‌‌,2019,TB,13,0,0,0,0,0,0,0,0,0,0,0,.000,.000,.000,.000
506JasonJ JimenezJimenezP506‌‌‌,2002,TB,5,0,0,0,0,0,0,0,0,0,0,0,.000,.000,.000,.000
506AdamA RussellRussellP506‌‌‌,2011,TB,36,0,0,0,0,0,0,0,0,0,0,0,.000,.000,.000,.000
506WadeW DavisDavisP506‌‌‌,2012,TB,54,2,0,1,0,0,0,0,0,1,0,0,.500,.500,.500,1.000
506WadeW DavisDavisP506‌‌‌,2011,TB,30,2,0,1,0,0,0,0,0,1,0,0,.500,.500,.500,1.000
506WadeW DavisDavisP506‌‌‌,2010,TB,29,1,0,0,0,0,0,0,0,0,0,0,.000,.000,.000,.000
506MarkM HendricksonHendricksonP506‌‌‌,2004,TB,32,5,0,1,0,0,0,0,1,4,0,0,.200,.333,.200,.533
506MarkM HendricksonHendricksonP506‌‌‌,2005,TB,31,7,1,1,0,0,0,0,0,3,0,0,.143,.143,.143,.286
506PeteP FairbanksFairbanksP506‌‌‌,2021,TB,47,0,0,0,0,0,0,0,0,0,0,0,.000,.000,.000,.000
506RonaldR BelisarioBelisarioP506‌‌‌,2015,TB,6,1,0,0,0,0,0,0,0,0,0,0,.000,.000,.000,.000
506SethS McClungMcClungP506‌‌‌,2005,TB,34,0,0,0,0,0,0,0,0,0,0,0,.000,.000,.000,.000
506LeeL GardnerGardnerP506‌‌‌,2005,TB,5,0,0,0,0,0,0,0,0,0,0,0,.000,.000,.000,.000
506DavidD PricePriceP506‌‌‌,2014,TB,23,4,0,0,0,0,0,0,0,2,0,0,.000,.000,.000,.000
506DavidD PricePriceP506‌‌‌,2013,TB,27,6,0,0,0,0,0,0,0,2,0,0,.000,.000,.000,.000
506DavidD PricePriceP506‌‌‌,2012,TB,31,4,0,0,0,0,0,0,1,2,0,0,.000,.200,.000,.200
506DavidD PricePriceP506‌‌‌,2011,TB,34,4,0,0,0,0,0,0,1,2,0,0,.000,.200,.000,.200
506DavidD PricePriceP506‌‌‌,2010,TB,32,7,0,1,0,0,0,0,0,5,0,0,.143,.143,.143,.286
506DavidD PricePriceP506‌‌‌,2009,TB,23,3,0,1,0,0,0,0,0,0,0,0,.333,.333,.333,.666
506AliA SolisSolisC506‌‌‌,2014,TB,8,6,0,0,0,0,0,1,0,4,0,0,.000,.000,.000,.000
506JoelJ PeraltaPeraltaP506‌‌‌,2012,TB,77,0,0,0,0,0,0,0,0,0,0,0,.000,.000,.000,.000
506AlbieA LopezLopezP506‌‌‌,1999,TB,51,0,0,0,0,0,0,0,0,0,0,0,.000,.000,.000,.000
506FelixF EscalonaEscalonaSS506‌‌‌,2003,TB,10,27,2,5,2,0,0,2,2,6,1,0,.185,.241,.259,.500
506ShawnS RiggansRiggansC506‌‌‌,2007,TB,3,10,1,1,0,0,0,2,0,1,0,0,.100,.100,.100,.200
506ShawnS RiggansRiggansC506‌‌‌,2006,TB,10,29,3,5,1,0,0,1,4,7,0,0,.172,.273,.207,.480
506ErnestoE FrieriFrieriP506‌‌‌,2015,TB,22,0,0,0,0,0,0,0,0,0,0,0,.000,.000,.000,.000
506JamesJ ShieldsShieldsP506‌‌‌,2008,TB,34,4,2,1,0,0,0,1,1,0,0,0,.250,.400,.250,.650
506JoelJ PeraltaPeraltaP506‌‌‌,2011,TB,71,0,0,0,0,0,0,0,0,0,0,0,.000,.000,.000,.000
506ErikE KratzKratzC506‌‌‌,2019,TB,6,17,0,1,0,0,0,0,0,8,0,0,.059,.059,.059,.118
506AndyA SonnanstineSonnanstineP506‌‌‌,2007,TB,22,5,1,2,0,0,0,1,0,2,0,0,.400,.400,.400,.800
506DannyD EspinosaEspinosa2B506‌‌‌,2017,TB,8,22,1,6,0,0,0,0,1,11,0,0,.273,.333,.273,.606
506FernandoF RodneyRodneyP506‌‌‌,2013,TB,68,0,0,0,0,0,0,0,0,0,0,0,.000,.000,.000,.000
506ErikE BedardBedardP506‌‌‌,2014,TB,17,0,0,0,0,0,0,0,0,0,0,0,.000,.000,.000,.000
506JorgeJ SosaSosaP506‌‌‌,2004,TB,43,0,0,0,0,0,0,0,0,0,0,0,.000,.000,.000,.000
506SteveS KentKentP506‌‌‌,2002,TB,34,0,0,0,0,0,0,0,0,0,0,0,.000,.000,.000,.000
506FelixF EscalonaEscalonaSS506‌‌‌,2002,TB,59,157,17,34,8,2,0,9,3,44,7,2,.217,.262,.293,.555
506DesmondD JenningsJenningsX506‌‌‌,2010,TB,17,21,5,4,1,1,0,2,2,4,2,2,.190,.292,.333,.625
506JamesJ ShieldsShieldsP506‌‌‌,2012,TB,33,5,0,1,0,0,0,1,0,1,0,0,.200,.200,.200,.400
506JamesJ ShieldsShieldsP506‌‌‌,2011,TB,33,8,0,0,0,0,0,1,0,5,0,0,.000,.000,.000,.000
506JamesJ ShieldsShieldsP506‌‌‌,2010,TB,34,2,0,1,0,0,0,0,0,0,0,0,.500,.500,.500,1.000
506JamesJ ShieldsShieldsP506‌‌‌,2009,TB,33,4,0,0,0,0,0,0,1,2,0,0,.000,.200,.000,.200
506AlexA TorresTorresP506‌‌‌,2013,TB,39,0,0,0,0,0,0,0,0,0,0,0,.000,.000,.000,.000
506TreverT MillerMillerP506‌‌‌,2008,TB,68,0,0,0,0,0,0,0,0,0,0,0,.000,.000,.000,.000
506J.P.J HowellHowellP506‌‌‌,2009,TB,69,0,0,0,0,0,0,0,0,0,0,0,.000,.000,.000,.000
506FreddyF GuzmanGuzmanDH506‌‌‌,2013,TB,1,0,1,0,0,0,0,0,0,0,1,0,.000,.000,.000,.000
506JeffJ NiemannNiemannP506‌‌‌,2010,TB,30,5,0,0,0,0,0,0,0,3,0,0,.000,.000,.000,.000
506JeffJ NiemannNiemannP506‌‌‌,2009,TB,31,5,0,0,0,0,0,0,0,4,0,0,.000,.000,.000,.000
506JeffJ NiemannNiemannP506‌‌‌,2008,TB,5,0,0,0,0,0,0,0,0,0,0,0,.000,.000,.000,.000
506Juan CarlosJ OviedoOviedoP506‌‌‌,2014,TB,32,0,0,0,0,0,0,0,0,0,0,0,.000,.000,.000,.000
506BobbyB WilsonWilsonC506‌‌‌,2015,TB,25,55,3,8,0,0,0,4,4,20,0,0,.145,.203,.145,.348
506TimT CorcoranCorcoranP506‌‌‌,2007,TB,9,0,0,0,0,0,0,0,0,0,0,0,.000,.000,.000,.000
506JasonJ HammelHammelP506‌‌‌,2008,TB,40,0,0,0,0,0,0,0,0,0,0,0,.000,.000,.000,.000
506ChadC OrvellaOrvellaP506‌‌‌,2007,TB,10,0,0,0,0,0,0,0,0,0,0,0,.000,.000,.000,.000
506ChadC OrvellaOrvellaP506‌‌‌,2005,TB,37,0,0,0,0,0,0,0,0,0,0,0,.000,.000,.000,.000
506JeffJ NiemannNiemannP506‌‌‌,2011,TB,23,3,0,1,0,0,0,0,0,2,0,0,.333,.333,.333,.666
506BartolomeB FortunatoFortunatoP506‌‌‌,2004,TB,3,0,0,0,0,0,0,0,0,0,0,0,.000,.000,.000,.000
506KevinK JepsenJepsenP506‌‌‌,2016,TB,25,0,0,0,0,0,0,0,0,0,0,0,.000,.000,.000,.000
506JalenJ BeeksBeeksP506‌‌‌,2018,TB,12,2,0,0,0,0,0,0,0,1,0,0,.000,.000,.000,.000
506DrewD RasmussenRasmussenP506‌‌‌,2021,TB,20,3,0,1,0,0,0,0,0,0,0,0,.333,.333,.333,.666
506DennisD SpringerSpringerP506‌‌‌,1998,TB,29,1,0,0,0,0,0,0,0,1,0,0,.000,.000,.000,.000
506LanceL CormierCormierP506‌‌‌,2009,TB,53,0,0,0,0,0,0,0,0,0,0,0,.000,.000,.000,.000
506LanceL CormierCormierP506‌‌‌,2010,TB,60,0,0,0,0,0,0,0,0,0,0,0,.000,.000,.000,.000
506RobertoR HernandezHernandezP506‌‌‌,2013,TB,32,4,0,0,0,0,0,0,0,3,0,0,.000,.000,.000,.000
506JoelJ GuzmanGuzman3B506‌‌‌,2007,TB,16,37,5,9,1,2,0,4,2,10,0,0,.243,.282,.378,.660
506AlbieA LopezLopezP506‌‌‌,2001,TB,20,5,0,0,0,0,0,0,0,3,0,0,.000,.000,.000,.000
506DanaD EvelandEvelandP506‌‌‌,2016,TB,33,0,0,0,0,0,0,0,0,0,0,0,.000,.000,.000,.000
506DaleD ThayerThayerP506‌‌‌,2009,TB,11,1,0,0,0,0,0,0,0,0,0,0,.000,.000,.000,.000
506FernandoF PerezPerezCF506‌‌‌,2009,TB,18,34,4,7,0,0,0,2,0,11,0,2,.206,.206,.206,.412
506J.P.J HowellHowellP506‌‌‌,2007,TB,10,6,1,2,0,0,0,1,0,2,0,0,.333,.333,.333,.666
506DavidD PeraltaPeraltaLF506‌‌‌,2022,TB,47,161,10,41,11,1,0,18,14,40,0,1,.255,.317,.335,.652
506RussR CanzlerCanzlerX506‌‌‌,2011,TB,3,3,0,1,0,0,0,1,1,1,0,0,.333,.400,.333,.733
506JoséJ BautistaBautistaX506‌‌‌,2004,TB,12,12,1,2,0,0,0,1,3,7,0,1,.167,.333,.167,.500
506KevinK JepsenJepsenP506‌‌‌,2015,TB,46,0,0,0,0,0,0,0,0,0,0,0,.000,.000,.000,.000
506EdwinE JacksonJacksonP506‌‌‌,2008,TB,32,4,0,0,0,0,0,0,1,1,0,0,.000,.200,.000,.200
506MattM DiazDiazX506‌‌‌,2003,TB,4,9,2,1,0,0,0,0,1,3,0,0,.111,.200,.111,.311
506JoseJ LobatónLobatónC506‌‌‌,2011,TB,15,34,2,4,1,0,0,0,4,8,0,0,.118,.231,.147,.378
506ChadC GaudinGaudinP506‌‌‌,2004,TB,28,1,0,0,0,0,0,0,0,0,0,0,.000,.000,.000,.000
506JonnyJ GomesGomesDH506‌‌‌,2003,TB,8,15,1,2,1,0,0,0,0,6,0,0,.133,.188,.200,.388
506JonnyJ GomesGomesDH506‌‌‌,2004,TB,5,14,0,1,0,0,0,1,1,6,0,0,.071,.133,.071,.204
506J.P.J HowellHowellP506‌‌‌,2012,TB,55,0,0,0,0,0,0,0,0,0,0,0,.000,.000,.000,.000
506KevinK PadloPadlo3B506‌‌‌,2021,TB,9,12,1,1,1,0,0,0,2,8,0,0,.083,.214,.167,.381
506RichR ButlerButlerRF506‌‌‌,1999,TB,7,20,2,3,1,0,0,0,2,4,0,0,.150,.227,.200,.427
506SteveS ParrisParrisP506‌‌‌,2003,TB,10,1,0,0,0,0,0,0,0,0,0,0,.000,.000,.000,.000
506AlexA JacksonJacksonC506‌‌‌,2024,TB,11,28,1,1,1,0,0,2,2,16,0,0,.036,.097,.071,.168
506NormN CharltonCharltonP506‌‌‌,1999,TB,42,0,0,0,0,0,0,0,0,0,0,0,.000,.000,.000,.000
506J.P.J FeyereisenFeyereisenP506‌‌‌,2021,TB,34,0,0,0,0,0,0,0,0,0,0,0,.000,.000,.000,.000
506TreverT MillerMillerP506‌‌‌,2005,TB,61,0,0,0,0,0,0,0,0,0,0,0,.000,.000,.000,.000
506ShaneS McClanahanMcClanahanP506‌‌‌,2022,TB,29,0,0,0,0,0,0,0,0,0,0,0,.000,.000,.000,.000
506VidalV BrujánBruján2B506‌‌‌,2023,TB,37,76,14,13,2,0,0,6,5,21,3,2,.171,.241,.197,.438
506HideoH NomoNomoP506‌‌‌,2005,TB,19,4,0,0,0,0,0,0,0,1,0,0,.000,.000,.000,.000
506VidalV BrujánBrujánX506‌‌‌,2021,TB,10,26,3,2,0,0,0,2,0,8,1,0,.077,.077,.077,.154
506YoshiY TsutsugoTsutsugo1B506‌‌‌,2021,TB,26,78,5,13,4,0,0,5,8,27,0,0,.167,.244,.218,.462
506LuisL OrdazOrdazSS506‌‌‌,2006,TB,1,2,0,0,0,0,0,0,0,0,0,0,.000,.000,.000,.000
506BrianB O'GradyO'Grady1B506‌‌‌,2020,TB,2,5,2,2,1,0,0,0,0,1,1,0,.400,.400,.600,1.000
506RyanR ThompsonThompsonP506‌‌‌,2021,TB,36,0,0,0,0,0,0,0,0,0,0,0,.000,.000,.000,.000
506TimT CorcoranCorcoranP506‌‌‌,2006,TB,21,4,0,0,0,0,0,0,0,3,0,0,.000,.000,.000,.000
506QuintonQ McCrackenMcCrackenLF506‌‌‌,2000,TB,15,31,5,4,0,0,0,2,6,4,0,1,.129,.270,.129,.399
506RustyR MeachamMeachamP506‌‌‌,2001,TB,24,0,0,0,0,0,0,0,0,0,0,0,.000,.000,.000,.000
506JimJ MecirMecirP506‌‌‌,1998,TB,68,1,0,0,0,0,0,0,0,0,0,0,.000,.000,.000,.000
506JimJ MecirMecirP506‌‌‌,2000,TB,38,0,0,0,0,0,0,0,0,0,0,0,.000,.000,.000,.000
506TreverT MillerMillerP506‌‌‌,2004,TB,60,0,0,0,0,0,0,0,0,0,0,0,.000,.000,.000,.000
506JalenJ BeeksBeeksP506‌‌‌,2019,TB,34,3,0,0,0,0,0,0,0,2,0,0,.000,.000,.000,.000
506FranklinF NunezNunezP506‌‌‌,2005,TB,5,0,0,0,0,0,0,0,0,0,0,0,.000,.000,.000,.000
506RafaelR SorianoSorianoP506‌‌‌,2010,TB,64,0,0,0,0,0,0,0,0,0,0,0,.000,.000,.000,.000
506MichaelM MartinezMartinez2B506‌‌‌,2017,TB,13,26,1,2,0,0,0,0,3,10,0,0,.077,.172,.077,.249
506GrantG BalfourBalfourP506‌‌‌,2010,TB,57,0,0,0,0,0,0,0,0,0,0,0,.000,.000,.000,.000
506GrantG BalfourBalfourP506‌‌‌,2014,TB,65,0,0,0,0,0,0,0,0,0,0,0,.000,.000,.000,.000
506ChrisC ArcherArcherP506‌‌‌,2021,TB,6,0,0,0,0,0,0,0,0,0,0,0,.000,.000,.000,.000
506ChrisC ArcherArcherP506‌‌‌,2017,TB,34,8,1,2,0,0,0,1,0,3,0,0,.250,.250,.250,.500
506ChrisC ArcherArcherP506‌‌‌,2016,TB,33,7,1,0,0,0,0,0,1,3,0,0,.000,.125,.000,.125
506ChrisC ArcherArcherP506‌‌‌,2015,TB,34,5,0,0,0,0,0,0,0,3,0,0,.000,.000,.000,.000
506ChrisC ArcherArcherP506‌‌‌,2014,TB,32,4,0,0,0,0,0,0,0,2,0,0,.000,.000,.000,.000
506ChrisC ArcherArcherP506‌‌‌,2013,TB,23,1,0,0,0,0,0,0,0,1,0,0,.000,.000,.000,.000
506AlexA ColoméColoméP506‌‌‌,2013,TB,3,2,0,0,0,0,0,0,0,1,0,0,.000,.000,.000,.000
506ColeC FigueroaFigueroa2B506‌‌‌,2014,TB,23,43,6,10,2,1,0,6,4,4,0,0,.233,.286,.326,.612
506BradB BoxbergerBoxbergerP506‌‌‌,2017,TB,30,0,0,0,0,0,0,0,0,0,0,0,.000,.000,.000,.000
506JorgeJ CantuCantuX506‌‌‌,2007,TB,25,58,4,12,1,0,0,4,5,16,0,0,.207,.277,.224,.501
506BradB BoxbergerBoxbergerP506‌‌‌,2014,TB,63,1,0,0,0,0,0,0,0,0,0,0,.000,.000,.000,.000
506AlexA CobbCobbP506‌‌‌,2017,TB,29,6,0,0,0,0,0,0,0,4,0,0,.000,.000,.000,.000
506AlexA CobbCobbP506‌‌‌,2014,TB,27,8,0,1,1,0,0,1,0,2,0,0,.125,.222,.250,.472
506AlexA CobbCobbP506‌‌‌,2013,TB,22,3,0,0,0,0,0,0,0,0,0,0,.000,.000,.000,.000
506VictorV ZambranoZambranoP506‌‌‌,2002,TB,42,1,0,0,0,0,0,0,0,1,0,0,.000,.000,.000,.000
506VictorV ZambranoZambranoP506‌‌‌,2003,TB,34,3,0,0,0,0,0,0,0,2,0,0,.000,.000,.000,.000
506AndyA CannizaroCannizaroSS506‌‌‌,2008,TB,1,1,0,0,0,0,0,0,0,0,0,0,.000,.000,.000,.000
506VictorV ZambranoZambranoP506‌‌‌,2004,TB,23,5,1,1,1,0,0,1,0,1,0,0,.200,.200,.400,.600
506CaseyC FossumFossumP506‌‌‌,2005,TB,36,2,0,0,0,0,0,0,0,0,0,0,.000,.000,.000,.000
506ChrisC GimenezGimenezX506‌‌‌,2013,TB,4,3,0,1,1,0,0,0,1,1,0,0,.333,.500,.667,1.167
506CoryC LidleLidleP506‌‌‌,2000,TB,31,2,0,0,0,0,0,0,0,1,0,0,.000,.000,.000,.000
506BrandonB GomesGomesP506‌‌‌,2015,TB,64,0,0,0,0,0,0,0,0,0,0,0,.000,.000,.000,.000
506ChazC RoeRoeP506‌‌‌,2018,TB,61,0,0,0,0,0,0,0,0,0,0,0,.000,.000,.000,.000
506BrandonB SnyderSnyder3B506‌‌‌,2018,TB,2,6,0,1,1,0,0,0,0,2,0,0,.167,.167,.333,.500
506BradB BoxbergerBoxbergerP506‌‌‌,2015,TB,69,0,0,0,0,0,0,0,0,0,0,0,.000,.000,.000,.000
506MattM MooreMooreP506‌‌‌,2012,TB,31,4,0,0,0,0,0,1,0,2,0,0,.000,.000,.000,.000
506JoséJ DomínguezDomínguezP506‌‌‌,2015,TB,4,0,0,0,0,0,0,0,0,0,0,0,.000,.000,.000,.000
506EricE MunsonMunsonX506‌‌‌,2005,TB,11,18,2,3,1,0,0,2,4,3,0,0,.167,.333,.222,.555
506ChrisC RichardRichard1B506‌‌‌,2009,TB,13,19,1,2,0,0,0,0,4,7,0,0,.105,.261,.105,.366
506JoaquínJ BenoitBenoitP506‌‌‌,2010,TB,63,0,0,0,0,0,0,0,0,0,0,0,.000,.000,.000,.000
506WilmerW FontFontP506‌‌‌,2019,TB,10,0,0,0,0,0,0,0,0,0,0,0,.000,.000,.000,.000
506WilmerW FontFontP506‌‌‌,2018,TB,9,0,0,0,0,0,0,0,0,0,0,0,.000,.000,.000,.000
506StephenS VogtVogtX506‌‌‌,2012,TB,18,25,0,0,0,0,0,0,2,2,0,0,.000,.074,.000,.074
506NathanN HaynesHaynesRF506‌‌‌,2008,TB,20,44,3,10,0,0,0,3,3,12,4,1,.227,.277,.227,.504
506WinstonW AbreuAbreuP506‌‌‌,2009,TB,2,0,0,0,0,0,0,0,0,0,0,0,.000,.000,.000,.000
506DanysD BaezBaezP506‌‌‌,2004,TB,62,0,0,0,0,0,0,0,0,0,0,0,.000,.000,.000,.000
506DanysD BaezBaezP506‌‌‌,2005,TB,67,0,0,0,0,0,0,0,0,0,0,0,.000,.000,.000,.000
506ErasmoE RamírezRamírezP506‌‌‌,2017,TB,26,0,0,0,0,0,0,0,0,0,0,0,.000,.000,.000,.000
506ErasmoE RamírezRamírezP506‌‌‌,2016,TB,64,0,0,0,0,0,0,0,0,0,0,0,.000,.000,.000,.000
506AaronA LedesmaLedesmaSS506‌‌‌,1998,TB,95,299,30,97,16,3,0,29,9,51,9,7,.324,.344,.398,.742
506JasonJ JohnsonJohnsonP506‌‌‌,1998,TB,13,2,0,0,0,0,0,0,0,2,0,0,.000,.000,.000,.000
506CésarC PuelloPuelloLF506‌‌‌,2017,TB,16,30,6,6,0,0,0,2,4,11,0,0,.200,.314,.200,.514
506AaronA LedesmaLedesmaSS506‌‌‌,1999,TB,93,294,32,78,15,0,0,30,14,35,1,1,.265,.305,.316,.621
506JasonJ RomanoRomano2B506‌‌‌,2004,TB,4,8,0,1,0,0,0,1,0,2,0,0,.125,.125,.125,.250
506MattM GarzaGarzaP506‌‌‌,2010,TB,33,3,0,0,0,0,0,0,0,3,0,0,.000,.000,.000,.000
506MattM GarzaGarzaP506‌‌‌,2009,TB,32,2,0,0,0,0,0,0,0,2,0,0,.000,.000,.000,.000
506MattM GarzaGarzaP506‌‌‌,2008,TB,30,4,0,0,0,0,0,0,1,3,0,0,.000,.200,.000,.200
506KirbyK YatesYatesP506‌‌‌,2015,TB,20,0,0,0,0,0,0,0,0,0,0,0,.000,.000,.000,.000
506KirbyK YatesYatesP506‌‌‌,2014,TB,37,0,0,0,0,0,0,0,0,0,0,0,.000,.000,.000,.000
506SergioS RomoRomoP506‌‌‌,2018,TB,73,1,0,0,0,0,0,0,0,1,0,0,.000,.000,.000,.000
506ChrisC ArcherArcherP506‌‌‌,2012,TB,8,3,1,0,0,0,0,0,0,1,0,1,.000,.000,.000,.000
506TimT LakerLakerC506‌‌‌,1998,TB,3,5,1,1,0,0,0,0,1,1,0,1,.200,.333,.200,.533
506J.P.J HowellHowellP506‌‌‌,2008,TB,64,1,0,0,0,0,0,0,0,1,0,0,.000,.000,.000,.000
506TimT LakerLakerC506‌‌‌,2005,TB,1,1,0,0,0,0,0,0,0,1,0,0,.000,.000,.000,.000
506ErasmoE RamírezRamírezP506‌‌‌,2015,TB,34,2,0,0,0,0,0,0,0,2,0,0,.000,.000,.000,.000
506JakeJ McGeeMcGeeP506‌‌‌,2012,TB,69,0,0,0,0,0,0,0,0,0,0,0,.000,.000,.000,.000
506JakeJ McGeeMcGeeP506‌‌‌,2011,TB,37,0,0,0,0,0,0,0,0,0,0,0,.000,.000,.000,.000
506JonnyJ VentersVentersP506‌‌‌,2018,TB,22,0,0,0,0,0,0,0,0,0,0,0,.000,.000,.000,.000
506BrandonB BackeBackeP506‌‌‌,2003,TB,29,0,1,0,0,0,0,0,0,0,0,0,.000,.000,.000,.000
506XavierX CedeñoCedeñoP506‌‌‌,2016,TB,54,0,0,0,0,0,0,0,0,0,0,0,.000,.000,.000,.000
506XavierX CedeñoCedeñoP506‌‌‌,2015,TB,61,0,0,0,0,0,0,0,0,0,0,0,.000,.000,.000,.000
506ReidR BrignacBrignacSS506‌‌‌,2012,TB,16,21,1,2,0,0,0,1,1,5,0,0,.095,.136,.095,.231
506CaseyC FossumFossumP506‌‌‌,2006,TB,25,2,0,0,0,0,0,0,0,0,0,0,.000,.000,.000,.000
506CaseyC FossumFossumP506‌‌‌,2007,TB,40,0,0,0,0,0,0,0,0,0,0,0,.000,.000,.000,.000
506JuanJ CruzCruzP506‌‌‌,2011,TB,56,0,0,0,0,0,0,0,0,0,0,0,.000,.000,.000,.000
506DewonD BrazeltonBrazeltonP506‌‌‌,2003,TB,10,1,0,0,0,0,0,0,0,0,0,0,.000,.000,.000,.000
506DewonD BrazeltonBrazeltonP506‌‌‌,2004,TB,22,1,0,0,0,0,0,0,0,0,0,0,.000,.000,.000,.000
506NickN GreenGreenSS506‌‌‌,2006,TB,17,39,4,3,0,0,0,0,6,11,0,3,.077,.200,.077,.277
506JakeJ McGeeMcGeeP506‌‌‌,2015,TB,39,0,0,0,0,0,0,0,0,0,0,0,.000,.000,.000,.000
506JoeJ KennedyKennedyP506‌‌‌,2001,TB,20,4,1,1,0,0,0,0,0,2,0,0,.250,.250,.250,.500
506BrandonB GomesGomesP506‌‌‌,2014,TB,29,0,0,0,0,0,0,0,0,0,0,0,.000,.000,.000,.000
506BrandonB GomesGomesP506‌‌‌,2013,TB,26,0,0,0,0,0,0,0,0,0,0,0,.000,.000,.000,.000
506BrandonB GomesGomesP506‌‌‌,2012,TB,15,1,0,0,0,0,0,1,1,1,0,0,.000,.500,.000,.500
506BrandonB GomesGomesP506‌‌‌,2011,TB,40,0,0,0,0,0,0,0,0,0,0,0,.000,.000,.000,.000
506CesárC RamosRamosP506‌‌‌,2014,TB,43,1,0,0,0,0,0,0,0,1,0,0,.000,.000,.000,.000
506CesárC RamosRamosP506‌‌‌,2013,TB,48,0,0,0,0,0,0,0,0,0,0,0,.000,.000,.000,.000
506CesárC RamosRamosP506‌‌‌,2012,TB,17,1,0,0,0,0,0,0,0,1,0,0,.000,.000,.000,.000
506CesárC RamosRamosP506‌‌‌,2011,TB,59,0,0,0,0,0,0,0,0,0,0,0,.000,.000,.000,.000
506AlbieA LopezLopezP506‌‌‌,2000,TB,45,6,0,0,0,0,0,0,0,5,0,0,.000,.000,.000,.000
506MikeM EkstromEkstromP506‌‌‌,2010,TB,15,0,0,0,0,0,0,0,0,0,0,0,.000,.000,.000,.000
506JoelJ PeraltaPeraltaP506‌‌‌,2013,TB,80,0,0,0,0,0,0,0,0,0,0,0,.000,.000,.000,.000
506SamS FuldFuldRF506‌‌‌,2012,TB,44,98,14,25,3,2,0,5,8,14,7,2,.255,.318,.327,.645
506JoelJ PeraltaPeraltaP506‌‌‌,2014,TB,69,0,0,0,0,0,0,0,0,0,0,0,.000,.000,.000,.000
506JonJ SwitzerSwitzerP506‌‌‌,2006,TB,40,0,0,0,0,0,0,0,0,0,0,0,.000,.000,.000,.000
506JakeJ McGeeMcGeeP506‌‌‌,2014,TB,73,0,0,0,0,0,0,0,0,0,0,0,.000,.000,.000,.000
506JumboJ DiazDiazP506‌‌‌,2017,TB,31,0,0,0,0,0,0,0,0,0,0,0,.000,.000,.000,.000
506JoeJ KennedyKennedyP506‌‌‌,2002,TB,30,7,1,3,0,0,0,1,0,1,0,0,.429,.429,.429,.858
506JoeJ NelsonNelsonP506‌‌‌,2009,TB,42,0,0,0,0,0,0,0,0,0,0,0,.000,.000,.000,.000
506ElliotE JohnsonJohnsonDH506‌‌‌,2008,TB,7,19,0,3,0,0,0,0,0,7,0,1,.158,.158,.158,.316
506VictorV ZambranoZambranoP506‌‌‌,2001,TB,36,0,0,0,0,0,0,0,0,0,0,0,.000,.000,.000,.000
506JasonJ SmithSmith3B506‌‌‌,2003,TB,1,4,0,1,0,0,0,0,0,0,0,0,.250,.250,.250,.500
506BurkeB BadenhopBadenhopP506‌‌‌,2012,TB,66,1,0,0,0,0,0,0,0,1,0,0,.000,.000,.000,.000
506JeremyJ HellicksonHellicksonP506‌‌‌,2013,TB,32,3,0,1,0,0,0,0,0,1,0,0,.333,.333,.333,.666
506JeremyJ HellicksonHellicksonP506‌‌‌,2012,TB,31,1,0,0,0,0,0,0,0,0,0,0,.000,.000,.000,.000
506JeremyJ HellicksonHellicksonP506‌‌‌,2011,TB,29,2,0,0,0,0,0,0,0,2,0,0,.000,.000,.000,.000
506JeremyJ HellicksonHellicksonP506‌‌‌,2010,TB,10,0,0,0,0,0,0,0,0,0,0,0,.000,.000,.000,.000
506ChazC RoeRoeP506‌‌‌,2021,TB,1,0,0,0,0,0,0,0,0,0,0,0,.000,.000,.000,.000
506ChazC RoeRoeP506‌‌‌,2019,TB,71,0,0,0,0,0,0,0,0,0,0,0,.000,.000,.000,.000
506SergioS RomoRomoP506‌‌‌,2017,TB,25,0,0,0,0,0,0,0,0,0,0,0,.000,.000,.000,.000
506JakeJ McGeeMcGeeP506‌‌‌,2013,TB,71,0,0,0,0,0,0,0,0,0,0,0,.000,.000,.000,.000
506JesusJ ColomeColomeP506‌‌‌,2003,TB,54,0,0,0,0,0,0,0,0,0,0,0,.000,.000,.000,.000
506JesusJ ColomeColomeP506‌‌‌,2004,TB,33,1,0,0,0,0,0,0,0,1,0,0,.000,.000,.000,.000
506TommyT HunterHunterP506‌‌‌,2017,TB,61,0,0,0,0,0,0,0,0,0,0,0,.000,.000,.000,.000
506JesusJ ColomeColomeP506‌‌‌,2005,TB,36,0,0,0,0,0,0,0,0,0,0,0,.000,.000,.000,.000
506TravisT PhelpsPhelpsP506‌‌‌,2001,TB,49,0,0,0,0,0,0,0,0,0,0,0,.000,.000,.000,.000
506AlA LevineLevineP506‌‌‌,2003,TB,36,0,0,0,0,0,0,0,0,0,0,0,.000,.000,.000,.000
506AlbieA LopezLopezP506‌‌‌,1998,TB,54,1,0,0,0,0,0,0,0,0,0,0,.000,.000,.000,.000
506FernandoF RodneyRodneyP506‌‌‌,2012,TB,76,0,0,0,0,0,0,0,0,0,0,0,.000,.000,.000,.000
506JoshJ LoweLoweLF506‌‌‌,2021,TB,2,1,0,1,0,0,0,0,1,0,1,0,1.000,1.000,1.000,2.000
506ReidR BrignacBrignacSS506‌‌‌,2008,TB,4,10,1,0,0,0,0,0,1,5,0,0,.000,.091,.000,.091
506AndyA SonnanstineSonnanstineP506‌‌‌,2011,TB,15,2,0,0,0,0,0,0,0,2,0,0,.000,.000,.000,.000
506AndyA SonnanstineSonnanstineP506‌‌‌,2010,TB,41,1,0,0,0,0,0,0,0,1,0,0,.000,.000,.000,.000
506AndyA SonnanstineSonnanstineP506‌‌‌,2009,TB,25,11,3,3,1,0,0,1,1,6,0,0,.273,.333,.364,.697
506AndyA SonnanstineSonnanstineP506‌‌‌,2008,TB,32,5,2,2,0,0,0,0,2,3,0,0,.400,.571,.400,.971
506BenB RortvedtRortvedtC506‌‌‌,2024,TB,37,90,15,24,4,0,0,8,17,29,1,0,.267,.389,.311,.700
